rank,epoch,train_step,traj,frame,frame_index,force_mae,force_rmse,energy_abs_error,epistemic_mean,epistemic_p95,epistemic_max,aleatoric_mean,aleatoric_p95,aleatoric_max
1,95,1620,a,27376,13688,0.004671512637287378,0.006462091114372015,0.01025390625,0.001626094919629395,0.0024590350221842527,0.003518669167533517,0.003294536843895912,0.0045787314884364605,0.006189204286783934
2,95,1620,a,28904,14452,0.004715850111097097,0.006514088250696659,0.009033203125,0.0016099698841571808,0.002430455293506384,0.00399089977145195,0.003266324754804373,0.0045694089494645596,0.006757599767297506
3,95,1620,a,27904,13952,0.004748394247144461,0.0064608254469931126,0.01171875,0.0016298579284921288,0.002423142548650503,0.0034884109627455473,0.003302370198071003,0.004561759065836668,0.00623456621542573
4,95,1620,a,27016,13508,0.004555468447506428,0.006196090020239353,0.0087890625,0.0016050278209149837,0.0024210275150835514,0.0037676694337278605,0.003260882804170251,0.004525031894445419,0.0065551381558179855
5,95,1620,a,28272,14136,0.004409349523484707,0.005948643200099468,0.01025390625,0.0016108338022604585,0.0024156570434570312,0.003531042020767927,0.003267892636358738,0.004545175936073065,0.0061578000895679
6,95,1620,a,29120,14560,0.004638195037841797,0.006423098500818014,0.009765625,0.0016129693249240518,0.0024151501711457968,0.0036967929918318987,0.0032722281757742167,0.004531131125986576,0.006307054311037064
7,95,1620,a,28056,14028,0.004866429138928652,0.006832135375589132,0.000732421875,0.001625387230888009,0.0024085133336484432,0.003492924151942134,0.0032942991238087416,0.004538530949503183,0.006000990513712168
8,95,1620,a,27192,13596,0.004575633443892002,0.006205486133694649,0.01318359375,0.001619106624275446,0.0024073817767202854,0.003686001291498542,0.003283055266365409,0.004523560870438814,0.006354716140776873
9,95,1620,a,27384,13692,0.004488429054617882,0.005969746969640255,0.010498046875,0.001603466342203319,0.002406835788860917,0.00345417857170105,0.0032604853622615337,0.0045126574113965034,0.005995857995003462
10,95,1620,a,27520,13760,0.00460357591509819,0.00642683170735836,0.025634765625,0.0015986330108717084,0.0024063230957835913,0.0032938942313194275,0.0032501565292477608,0.004486646968871355,0.005841653328388929
11,95,1620,a,26992,13496,0.004781123250722885,0.006442157085984945,0.009521484375,0.0016214641509577632,0.0024013554211705923,0.0038311667740345,0.003288060426712036,0.004508750978857279,0.006536879111081362
12,95,1620,a,27896,13948,0.004898781888186932,0.006666683591902256,0.01025390625,0.0016095867613330483,0.0024004566948860884,0.0036327491980046034,0.003270178334787488,0.0045388247817754745,0.006451272405683994
13,95,1620,a,27064,13532,0.004641692154109478,0.006306912284344435,0.008056640625,0.0016182512044906616,0.002400382421910763,0.003575151087716222,0.0032809539698064327,0.0045184362679719925,0.006284940987825394
14,95,1620,a,27936,13968,0.004881690721958876,0.007008104119449854,0.019775390625,0.0016316197579726577,0.0023992096539586782,0.003924640826880932,0.0033048163168132305,0.0045282356441020966,0.0067409127950668335
15,95,1620,a,28000,14000,0.0048842537216842175,0.0067991712130606174,0.000244140625,0.0016144943656399846,0.0023983281571418047,0.003671764163300395,0.003276906441897154,0.004508367273956537,0.006391400471329689
16,95,1620,b,27030,29730,0.00464058481156826,0.006249904632568359,0.010498046875,0.0016166387358680367,0.002397585893049836,0.003956617787480354,0.0032773823477327824,0.0045334999449551105,0.006667014677077532
17,95,1620,a,27360,13680,0.004796987399458885,0.006632363889366388,0.006103515625,0.001601533149369061,0.0023975339718163013,0.0038911658339202404,0.0032543991692364216,0.004511058796197176,0.006724379491060972
18,95,1620,a,28872,14436,0.004757926799356937,0.006622997112572193,0.01025390625,0.00160657474771142,0.002397281816229224,0.0038802919443696737,0.0032587158493697643,0.00451107881963253,0.006705835927277803
19,95,1620,b,26950,29690,0.004583768080919981,0.00620524724945426,0.022705078125,0.0016171312890946865,0.00239682849496603,0.0038902643136680126,0.0032779700122773647,0.004494995344430208,0.0064459010027348995
20,95,1620,b,26206,29318,0.004789311904460192,0.006556134670972824,0.005126953125,0.0016160962404683232,0.0023953495547175407,0.004001514054834843,0.0032776882871985435,0.004505330231040716,0.006846414413303137
21,95,1620,a,28344,14172,0.004616490099579096,0.0061810859479010105,0.00048828125,0.0016131699085235596,0.002394404960796237,0.0037441605236381292,0.003272154601290822,0.0044975378550589085,0.006412337068468332
22,95,1620,a,27160,13580,0.004538558889180422,0.006150098983198404,0.003662109375,0.0016021155752241611,0.0023938515223562717,0.004013596102595329,0.0032562739215791225,0.004515194799751043,0.006855475716292858
23,95,1620,a,27528,13764,0.0048727416433393955,0.006686266977339983,0.029541015625,0.0016161518869921565,0.002393207512795925,0.004164026118814945,0.0032757401932030916,0.004523068200796843,0.007075119763612747
24,95,1620,a,28960,14480,0.004589960910379887,0.006335967220366001,0.001708984375,0.001611151616089046,0.0023931488394737244,0.003942351788282394,0.0032700507435947657,0.004515693988651037,0.00655025290325284
25,95,1620,a,27024,13512,0.004604943562299013,0.00623703096061945,0.002685546875,0.0016155001940205693,0.0023916135542094707,0.003896476235240698,0.0032766838558018208,0.004500249866396189,0.006683389190584421
26,95,1620,a,27288,13644,0.004735968075692654,0.006376911420375109,0.015380859375,0.0016201665857806802,0.002391183516010642,0.003172909375280142,0.00328538054600358,0.004515693988651037,0.0054489183239638805
27,95,1620,b,26814,29622,0.004744613077491522,0.006886327173560858,0.0068359375,0.0016161520034074783,0.0023893024772405624,0.003664561780169606,0.0032745222561061382,0.004491071216762066,0.006320187356323004
28,95,1620,a,28304,14152,0.00479706609621644,0.006803152617067099,0.0,0.0016122192610055208,0.002388410735875368,0.0037810869980603456,0.0032738333102315664,0.004492369946092367,0.006602398119866848
29,95,1620,a,28576,14288,0.004448890220373869,0.005978252738714218,0.000732421875,0.00160914845764637,0.0023880882654339075,0.003431140212342143,0.0032672917004674673,0.0045188781805336475,0.005941765382885933
30,95,1620,a,27208,13604,0.004556913394480944,0.006195243913680315,0.011962890625,0.001611362094990909,0.0023879113141447306,0.004066440276801586,0.003270993009209633,0.004489261191338301,0.00683753052726388
31,95,1620,a,26936,13468,0.004511162638664246,0.00604677852243185,0.000244140625,0.001589045743457973,0.0023859022185206413,0.003263088408857584,0.003235634882003069,0.0045001511462032795,0.005841860082000494
32,95,1620,a,27744,13872,0.0046830265782773495,0.006355103570967913,0.01171875,0.0016109374118968844,0.002385861473158002,0.0036827009171247482,0.00327262282371521,0.004464255180209875,0.006327280309051275
33,95,1620,a,27488,13744,0.004435648676007986,0.005888707935810089,0.00537109375,0.001617077854461968,0.002385329222306609,0.0035935817286372185,0.003280262928456068,0.00451089721173048,0.0062533956952393055
34,95,1620,a,27784,13892,0.004387046210467815,0.006148024927824736,0.010009765625,0.001615331624634564,0.0023842796217650175,0.0038114674389362335,0.0032778456807136536,0.0044958991929888725,0.006561784073710442
35,95,1620,a,26240,13120,0.004741862416267395,0.006449936889111996,0.000732421875,0.0016026069642975926,0.0023840286303311586,0.0038115503266453743,0.003256425727158785,0.0045060389675199986,0.00656782416626811
36,95,1620,a,29072,14536,0.004876548424363136,0.006741051562130451,0.017578125,0.0016242858255282044,0.0023824546951800585,0.00380813074298203,0.003289733314886689,0.00448813708499074,0.0065178582444787025
37,95,1620,a,28104,14052,0.004765838850289583,0.006664034444838762,0.015869140625,0.0016090056160464883,0.002382317092269659,0.003719007596373558,0.0032674064859747887,0.0044847046956419945,0.0063347588293254375
38,95,1620,a,27352,13676,0.004443778656423092,0.006105029955506325,0.0087890625,0.0016049769474193454,0.002382264705374837,0.0035530468448996544,0.003260488621890545,0.004510408733040094,0.006286524701863527
39,95,1620,a,28992,14496,0.0047294883988797665,0.006619140971451998,0.003173828125,0.0016135633923113346,0.002379582729190588,0.003750014817342162,0.0032722142059355974,0.004502694122493267,0.00638458551838994
40,95,1620,a,29048,14524,0.004580855369567871,0.006278433836996555,0.007080078125,0.0016077295877039433,0.0023790374398231506,0.003308490151539445,0.0032641571015119553,0.004498268943279982,0.005895629990845919
41,95,1620,a,28120,14060,0.004760317504405975,0.006553963758051395,0.01220703125,0.0016106244875118136,0.002378937089815736,0.004376563243567944,0.003270519431680441,0.004504893906414509,0.007296155206859112
42,95,1620,b,26254,29342,0.004323311150074005,0.005863599944859743,0.003173828125,0.0016006160294637084,0.002378903329372406,0.004013286903500557,0.0032535234931856394,0.004498813766986132,0.006785919424146414
43,95,1620,b,26646,29538,0.004650251939892769,0.0061840456910431385,0.011474609375,0.001618965994566679,0.0023787743411958218,0.003340314142405987,0.0032808417454361916,0.0044920737855136395,0.005898463539779186
44,95,1620,a,27040,13520,0.004609644412994385,0.006202390883117914,0.01123046875,0.00160586042329669,0.0023784986697137356,0.0037560109049081802,0.003261927515268326,0.004479268565773964,0.006481992546468973
45,95,1620,b,26710,29570,0.004693133290857077,0.006362097803503275,0.0126953125,0.0016104320529848337,0.0023784248623996973,0.0034087926615029573,0.0032663494348526,0.004478550981730223,0.0060045355930924416
46,95,1620,a,28216,14108,0.004645510111004114,0.006402242928743362,0.0,0.0016131742158904672,0.002378072589635849,0.003681318834424019,0.003273114562034607,0.004490820690989494,0.006310338154435158
47,95,1620,a,27368,13684,0.0047292690724134445,0.006276287604123354,0.00439453125,0.001613274565897882,0.002377547789365053,0.003641081042587757,0.0032744458876550198,0.004480184521526098,0.0062106456607580185
48,95,1620,a,29152,14576,0.004656817298382521,0.006356510333716869,0.01953125,0.0016069990815594792,0.0023775382433086634,0.0036624399945139885,0.0032633510418236256,0.004469766281545162,0.00634609954431653
49,95,1620,a,26912,13456,0.004542427137494087,0.006051294505596161,0.006103515625,0.0016036969609558582,0.0023769596591591835,0.0038186409510672092,0.003257886040955782,0.004496600944548845,0.006708362139761448
50,95,1620,a,28112,14056,0.004817557521164417,0.00649168249219656,0.015625,0.001610881183296442,0.00237665930762887,0.003348991274833679,0.0032696907874196768,0.004465583711862564,0.005963711533695459
51,95,1620,a,27144,13572,0.004744231700897217,0.006606695707887411,0.001708984375,0.0016226159641519189,0.0023760932963341475,0.003701084293425083,0.00328848697245121,0.0044845580123364925,0.0064597707241773605
52,95,1620,a,29008,14504,0.004716024734079838,0.0066593545489013195,0.0068359375,0.0016031063860282302,0.002375709591433406,0.003252212191000581,0.0032582657877355814,0.004484584555029869,0.005886430386453867
53,95,1620,b,27558,29994,0.00448004063218832,0.006306262221187353,0.0078125,0.0015884916065260768,0.0023754765279591084,0.0030629243701696396,0.003235315438359976,0.004453113302588463,0.005441326182335615
54,95,1620,b,29142,30786,0.00422383937984705,0.0057745990343391895,0.004150390625,0.00158142379950732,0.002375095384195447,0.0032070493325591087,0.0032211793586611748,0.00449158763512969,0.005714327562600374
55,95,1620,b,27446,29938,0.004344829823821783,0.005787980277091265,0.019775390625,0.0015932940877974033,0.0023750863038003445,0.003744677407667041,0.0032385687809437513,0.004462884273380041,0.006509934552013874
56,95,1620,b,26654,29542,0.004625188186764717,0.006095133256167173,0.00341796875,0.001616176450625062,0.0023750418331474066,0.003772144904360175,0.003276406554505229,0.004470945801585913,0.00644971476867795
57,95,1620,a,28288,14144,0.004688593093305826,0.006308140233159065,0.005126953125,0.0016010913532227278,0.0023748946841806173,0.003325449535623193,0.003254953073337674,0.004498767666518688,0.005838642828166485
58,95,1620,a,27536,13768,0.00470672408118844,0.006678956560790539,0.011962890625,0.001621974864974618,0.0023746034130454063,0.00437359232455492,0.0032850902061909437,0.0044707925990223885,0.007253967225551605
59,95,1620,b,26014,29222,0.004689061548560858,0.006248150020837784,0.0185546875,0.0016172740142792463,0.002374411793425679,0.0036812920588999987,0.0032777527812868357,0.004445455502718687,0.006401423364877701
60,95,1620,a,27888,13944,0.004728935193270445,0.006542670074850321,0.009765625,0.001612073858268559,0.0023743128404021263,0.0033093539532274008,0.0032762689515948296,0.004491901956498623,0.0060172053053975105
61,95,1620,a,28240,14120,0.0048761144280433655,0.0067785512655973434,0.001708984375,0.0016058430774137378,0.002373297233134508,0.004164252430200577,0.003263093065470457,0.004478162620216608,0.00708280224353075
62,95,1620,a,28016,14008,0.004723358899354935,0.0064759585075080395,0.008544921875,0.0016118764178827405,0.0023732271511107683,0.0037440049927681684,0.0032739362213760614,0.004475338384509087,0.0065711792558431625
63,95,1620,b,27862,30146,0.004562248010188341,0.006255846004933119,0.004150390625,0.0016040288610383868,0.0023730469401925802,0.0033881247509270906,0.0032619445119053125,0.004481825977563858,0.005949947517365217
64,95,1620,b,26990,29710,0.004643965978175402,0.006428566761314869,0.010986328125,0.0016028626123443246,0.0023728380911052227,0.0037367555778473616,0.0032559209503233433,0.004472091794013977,0.006533954292535782
65,95,1620,a,27328,13664,0.004371771588921547,0.0057715303264558315,0.005859375,0.0016054032603278756,0.002372658345848322,0.0030778551008552313,0.0032610439229756594,0.0044912854209542274,0.00564637640491128
66,95,1620,b,26158,29294,0.004686068277806044,0.006384130567312241,0.008544921875,0.0016188197769224644,0.002372645540162921,0.003782811341807246,0.003285023383796215,0.004454091191291809,0.006519387476146221
67,95,1620,b,28678,30554,0.004473801702260971,0.005937112029641867,0.029296875,0.0016115005128085613,0.0023725158534944057,0.0036923284642398357,0.003267700783908367,0.004466423764824867,0.00623731454834342
68,95,1620,a,28520,14260,0.004366881214082241,0.005947681609541178,0.002197265625,0.001596862799488008,0.0023714748676866293,0.0032979510724544525,0.003245758358389139,0.004497503396123648,0.005811758805066347
69,95,1620,b,27942,30186,0.00447687366977334,0.005966878961771727,0.01318359375,0.0015870783245190978,0.002371168462559581,0.003162477631121874,0.0032340707257390022,0.004462006967514753,0.005604729522019625
70,95,1620,a,27128,13564,0.004656719509512186,0.006358237937092781,0.004150390625,0.0016115977196022868,0.0023709693923592567,0.0033777067437767982,0.0032711499370634556,0.0044716037809848785,0.006077484227716923
71,95,1620,a,27848,13924,0.004648256581276655,0.00633117975667119,0.007568359375,0.0016158587532117963,0.0023708792869001627,0.0034855809062719345,0.0032799257896840572,0.0044622598215937614,0.00606589624658227
72,95,1620,b,26246,29338,0.004526720382273197,0.006120883859694004,0.003662109375,0.001605886616744101,0.0023699281737208366,0.004599905107170343,0.003259520512074232,0.004442722070962191,0.0075670043006539345
73,95,1620,a,28312,14156,0.004849761258810759,0.006581202149391174,0.01025390625,0.0016082479851320386,0.002369726775214076,0.003427200485020876,0.0032667750492691994,0.004457807168364525,0.006113526877015829
74,95,1620,a,27568,13784,0.004700298886746168,0.006347413174808025,0.00390625,0.0016172812320291996,0.0023696348071098328,0.003773509757593274,0.0032810259144753218,0.004476451780647039,0.006592344958335161
75,95,1620,a,27712,13856,0.004788993392139673,0.0066436403430998325,0.003662109375,0.0016041643684729934,0.002369547262787819,0.004053640644997358,0.0032592513598501682,0.004457391798496246,0.006835910491645336
76,95,1620,b,26214,29322,0.004624457098543644,0.006363896653056145,0.0009765625,0.0016079300548881292,0.002369263907894492,0.0036831579636782408,0.0032647785264998674,0.004452308174222708,0.006360936444252729
77,95,1620,b,28910,30670,0.004451434127986431,0.0060207657516002655,0.002197265625,0.0016063289949670434,0.0023690483067184687,0.0033239987678825855,0.003261314006522298,0.004472240339964628,0.005956714507192373
78,95,1620,a,29144,14572,0.004523645155131817,0.00617433013394475,0.014404296875,0.0016176324570551515,0.0023683845065534115,0.0036990861408412457,0.003278711810708046,0.004467327147722244,0.006435291841626167
79,95,1620,a,28912,14456,0.004466907121241093,0.0060018571093678474,0.00146484375,0.0016044287476688623,0.002368293236941099,0.0032729606609791517,0.003257852979004383,0.004485854879021645,0.00582500733435154
80,95,1620,b,27414,29922,0.004644425120204687,0.006337346043437719,0.038330078125,0.0016029732069000602,0.0023682224564254284,0.003763246349990368,0.0032572580967098475,0.0044329059310257435,0.0065583218820393085
81,95,1620,b,27206,29818,0.004877042956650257,0.00663271127268672,0.022216796875,0.0015936295967549086,0.0023680576123297215,0.003837739583104849,0.003239835612475872,0.004479427821934223,0.006661323830485344
82,95,1620,b,26838,29634,0.004546696320176125,0.006097061559557915,0.007080078125,0.001603641314432025,0.0023679733276367188,0.003975126426666975,0.0032566210720688105,0.004461388569325209,0.006688627880066633
83,95,1620,b,26286,29358,0.004656530451029539,0.006166189443320036,0.015869140625,0.0016022593481466174,0.0023677905555814505,0.003259610151872039,0.0032548257149755955,0.004473409149795771,0.005836913362145424
84,95,1620,b,26326,29378,0.004359643440693617,0.005766249727457762,0.01220703125,0.001602773554623127,0.002367716748267412,0.003908631391823292,0.0032545255962759256,0.004410955589264631,0.006831555627286434
85,95,1620,a,27928,13964,0.0044916169717907906,0.0061186677776277065,0.014404296875,0.0016237712698057294,0.0023676760029047728,0.0035802293568849564,0.0032924655824899673,0.0044804951176047325,0.006319472100585699
86,95,1620,a,27960,13980,0.004563421010971069,0.006349481176584959,0.000244140625,0.0016089832643046975,0.002367638051509857,0.0032527223229408264,0.00326798134483397,0.004474865738302469,0.005820981692522764
87,95,1620,b,27422,29926,0.004686581436544657,0.0064031449146568775,0.037109375,0.0016021586488932371,0.002367461333051324,0.003345741191878915,0.0032561058178544044,0.0044624656438827515,0.005743605084717274
88,95,1620,a,26744,13372,0.004378376994282007,0.005889939144253731,0.005859375,0.0016106131952255964,0.002367196371778846,0.0033529342617839575,0.0032685576006770134,0.004474906716495752,0.005949204787611961
89,95,1620,a,28544,14272,0.004603077191859484,0.0063683451153337955,0.020751953125,0.0016000843606889248,0.0023669779766350985,0.0035467022098600864,0.003251721616834402,0.004456015769392252,0.006138421129435301
90,95,1620,a,26984,13492,0.0047278753481805325,0.006328989751636982,0.00634765625,0.0016013983404263854,0.002366789383813739,0.0036523158196359873,0.0032568415626883507,0.004482433665543795,0.006431168876588345
91,95,1620,b,26094,29262,0.0050892941653728485,0.006944022141396999,0.01220703125,0.001610863720998168,0.002366686938330531,0.004095140378922224,0.0032702558673918247,0.004443975165486336,0.006889179814606905
92,95,1620,a,27944,13972,0.004918638151139021,0.006957083009183407,0.016357421875,0.0016248958418145776,0.0023666813503950834,0.003945544362068176,0.0032944977283477783,0.0045072222128510475,0.006800106260925531
93,95,1620,a,27320,13660,0.004516201559454203,0.006578507367521524,0.01171875,0.0016007174272090197,0.0023663954343646765,0.0038478223141282797,0.0032530163880437613,0.0044769602827727795,0.006486018653959036
94,95,1620,a,27808,13904,0.00454794242978096,0.006354485638439655,0.0087890625,0.0016032916028052568,0.0023660878650844097,0.003519888035953045,0.0032585153821855783,0.0044603063724935055,0.006012471858412027
95,95,1620,a,28704,14352,0.004663857631385326,0.006561940535902977,0.005615234375,0.0016062227077782154,0.0023657353594899178,0.003720971057191491,0.0032605486921966076,0.004472580272704363,0.006482937838882208
96,95,1620,b,28334,30382,0.004511021543294191,0.006145606283098459,0.009033203125,0.0015977799193933606,0.002365667372941971,0.003926774021238089,0.0032488692086189985,0.004431996960192919,0.006764048710465431
97,95,1620,a,28392,14196,0.004581877030432224,0.006771913263946772,0.008056640625,0.001605306752026081,0.002364943502470851,0.0034982962533831596,0.0032604627776890993,0.004451348911970854,0.0061663249507546425
98,95,1620,a,28248,14124,0.004446782637387514,0.0061973086558282375,0.009765625,0.0015990305691957474,0.002364842686802149,0.003792278002947569,0.003250679699704051,0.004462696611881256,0.006644082255661488
99,95,1620,a,28712,14356,0.00446598744019866,0.0061554075218737125,0.001953125,0.0016112453304231167,0.002363658742979169,0.0035519120283424854,0.0032688213977962732,0.004496298264712095,0.006182619836181402
100,95,1620,b,26518,29474,0.00447894586250186,0.006051208358258009,0.0078125,0.0015866581816226244,0.002363104373216629,0.003877081675454974,0.0032302646432071924,0.004449823871254921,0.006652635056525469
101,95,1620,a,28880,14440,0.0046216994524002075,0.006285116542130709,0.00634765625,0.0016023328062146902,0.0023627602495253086,0.0036667990498244762,0.003252652706578374,0.004473463166505098,0.006424527149647474
102,95,1620,a,27976,13988,0.004731216933578253,0.006473130080848932,0.001953125,0.0016113986494019628,0.002362616593018174,0.00392579473555088,0.003271867521107197,0.0044471630826592445,0.006816659588366747
103,95,1620,b,26262,29346,0.004514613654464483,0.006058571394532919,0.0029296875,0.0016091261059045792,0.0023620864376425743,0.0037307292222976685,0.00326727912761271,0.004474881570786238,0.006359382998198271
104,95,1620,a,27912,13956,0.004490520339459181,0.006052492652088404,0.008544921875,0.0016186322318390012,0.0023620661813765764,0.003786024171859026,0.0032868548296391964,0.004494336899369955,0.006589950527995825
105,95,1620,a,28152,14076,0.004480833653360605,0.006082566920667887,0.001708984375,0.001589214545674622,0.0023618717677891254,0.003320148680359125,0.003238177625462413,0.004444885533303022,0.005825381260365248
106,95,1620,a,27552,13776,0.0048256004229187965,0.006642312742769718,0.00244140625,0.0016166872810572386,0.0023618433624505997,0.0035077910870313644,0.003278401680290699,0.004465498961508274,0.00616739597171545
107,95,1620,b,26542,29486,0.004611470270901918,0.006133127026259899,0.021728515625,0.001594075234606862,0.0023615146055817604,0.0035107191652059555,0.0032437113113701344,0.0044555035419762135,0.006033840589225292
108,95,1620,b,26054,29242,0.004648473113775253,0.006546166725456715,0.00341796875,0.0016046928940340877,0.00236112205311656,0.003315187757834792,0.003258999902755022,0.004464981611818075,0.00583229772746563
109,95,1620,a,27104,13552,0.004663757048547268,0.006305568385869265,0.001220703125,0.0016067454125732183,0.0023606684990227222,0.003574891947209835,0.003264927538111806,0.00444544805213809,0.006287020165473223
110,95,1620,a,29016,14508,0.004842780064791441,0.0065947845578193665,0.005126953125,0.0016118052881211042,0.0023606426548212767,0.0038815585430711508,0.0032720989547669888,0.004441311117261648,0.006502114702016115
111,95,1620,a,28280,14140,0.004862192086875439,0.006887976545840502,0.00390625,0.0016004586359485984,0.0023604738526046276,0.0039854496717453,0.003253369824960828,0.004459272604435682,0.006731071509420872
112,95,1620,a,26016,13008,0.004460913594812155,0.005920698866248131,0.001220703125,0.0016167409485206008,0.002359913196414709,0.00389655539765954,0.0032803891226649284,0.004474492743611336,0.006718059070408344
113,95,1620,a,28032,14016,0.004969553090631962,0.0068779997527599335,0.0009765625,0.0016185389831662178,0.0023597581312060356,0.003876918461173773,0.0032838776241987944,0.004420137498527765,0.0066534047946333885
114,95,1620,a,28752,14376,0.004473248962312937,0.006102041341364384,0.00439453125,0.0015956395072862506,0.0023597509134560823,0.004018809646368027,0.003244800725951791,0.004481215495616198,0.006829648744314909
115,95,1620,a,27968,13984,0.004677802324295044,0.006214532069861889,0.0048828125,0.001596439047716558,0.002359130885452032,0.003684496972709894,0.003248213790357113,0.004430889617651701,0.006518298294395208
116,95,1620,a,28128,14064,0.004719877615571022,0.006369356997311115,0.007080078125,0.001602755393832922,0.0023590796627104282,0.003301782300695777,0.003258588258177042,0.004477684386074543,0.005808517336845398
117,95,1620,a,27272,13636,0.004541012924164534,0.006096921395510435,0.009033203125,0.0015959127340465784,0.002358951373025775,0.003828978631645441,0.0032443644013255835,0.0044088466092944145,0.006712487433105707
118,95,1620,a,26024,13012,0.004487756174057722,0.006293424870818853,0.000732421875,0.0016065784730017185,0.002358725992962718,0.003757556900382042,0.00326403952203691,0.004457592032849789,0.006539883557707071
119,95,1620,b,27038,29734,0.004723985213786364,0.0063629900105297565,0.01513671875,0.0016067004762589931,0.00235861842520535,0.0038185829762369394,0.0032636174000799656,0.004464508965611458,0.006710074841976166
120,95,1620,b,28974,30702,0.004424284212291241,0.005876637063920498,0.0029296875,0.0015961604658514261,0.0023585567250847816,0.0036177081055939198,0.0032484857365489006,0.0044351425021886826,0.006439452525228262
121,95,1620,a,26304,13152,0.004677217919379473,0.006331199314445257,0.01123046875,0.0016038421308621764,0.0023585197050124407,0.004400546196848154,0.003260190598666668,0.00442317221313715,0.007266444619745016
122,95,1620,a,27632,13816,0.00468924967572093,0.006402770988643169,0.013671875,0.0016065137460827827,0.0023583783768117428,0.003776305355131626,0.0032620257697999477,0.0044351257383823395,0.006496626418083906
123,95,1620,b,26750,29590,0.004639332182705402,0.006518668495118618,0.007080078125,0.0015953213442116976,0.002358321798965335,0.0032516324426978827,0.003244770923629403,0.0044362302869558334,0.005764782894402742
124,95,1620,b,26774,29602,0.004574965685606003,0.006202187854796648,0.002685546875,0.001618226058781147,0.0023582400754094124,0.00348294316790998,0.0032800682820379734,0.004442993085831404,0.006154314614832401
125,95,1620,a,28072,14036,0.0048648277297616005,0.0067542921751737595,0.005126953125,0.0016170995077118278,0.0023582077119499445,0.003519414458423853,0.003281500656157732,0.004458719864487648,0.006181590724736452
126,95,1620,b,27886,30158,0.00434509851038456,0.005952760111540556,0.001220703125,0.0016033784486353397,0.0023574114311486483,0.003681355156004429,0.003259837394580245,0.0044567459262907505,0.006435079965740442
127,95,1620,b,26294,29362,0.0045317173935472965,0.006061413325369358,0.0146484375,0.0015979561721906066,0.0023571529891341925,0.003579254960641265,0.0032460349611938,0.0044174897484481335,0.006287191528826952
128,95,1620,a,28728,14364,0.004663203377276659,0.0063772439025342464,0.0029296875,0.0016043412033468485,0.002357059856876731,0.0031713019125163555,0.003258774057030678,0.0044391704723238945,0.005662689451128244
129,95,1620,a,28552,14276,0.004647626541554928,0.006544102448970079,0.02001953125,0.0016048029065132141,0.0023569162003695965,0.0036609903909265995,0.003261311911046505,0.004451479762792587,0.006382608320564032
130,95,1620,a,26128,13064,0.004606456495821476,0.006186745595186949,0.0,0.0015977967996150255,0.0023568239994347095,0.0041031730361282825,0.0032493758480995893,0.004472646396607161,0.006841737776994705
131,95,1620,b,26614,29522,0.004927425645291805,0.006640230305492878,0.00537109375,0.001599593786522746,0.002356803510338068,0.0033240814227610826,0.0032506808638572693,0.004445671569555998,0.006010737735778093
132,95,1620,a,27088,13544,0.004662842955440283,0.006377763580530882,0.004150390625,0.0016101966612040997,0.002356705954298377,0.0034668731968849897,0.0032694493420422077,0.004473082721233368,0.006108012516051531
133,95,1620,a,27832,13916,0.004720128141343594,0.006564776413142681,0.002685546875,0.0016063835937529802,0.0023562617134302855,0.0037551766727119684,0.0032628311309963465,0.004465733654797077,0.006323507986962795
134,95,1620,a,28896,14448,0.0047780778259038925,0.006731238216161728,0.00830078125,0.001607535989023745,0.002356067532673478,0.0031972297001630068,0.0032642874866724014,0.004467245191335678,0.005824598949402571
135,95,1620,b,26142,29286,0.00470745237544179,0.006430831737816334,0.008056640625,0.0016072882572188973,0.0023559844121336937,0.0033675115555524826,0.003267437918111682,0.004468454979360104,0.006056861020624638
136,95,1620,a,27472,13736,0.0045997584238648415,0.00613438431173563,0.0087890625,0.0016071045538410544,0.0023559320252388716,0.0036451020278036594,0.0032615759409964085,0.004421187099069357,0.006396964658051729
137,95,1620,a,28264,14132,0.0046981447376310825,0.00648427102714777,0.00732421875,0.001599350944161415,0.0023559138644486666,0.0035812256392091513,0.003250409848988056,0.0044315108098089695,0.0063554695807397366
138,95,1620,a,28528,14264,0.004927249625325203,0.006974496878683567,0.015380859375,0.0016057640314102173,0.0023559012915939093,0.0034974529407918453,0.0032621126156300306,0.004453098401427269,0.006204742472618818
139,95,1620,a,27344,13672,0.004465034231543541,0.0061521329917013645,0.006591796875,0.0015818604733794928,0.0023557187523692846,0.003680909750983119,0.003224823856726289,0.004472289700061083,0.0063439481891691685
140,95,1620,a,28064,14032,0.004920771345496178,0.006688796915113926,0.001220703125,0.0015952904941514134,0.0023556039668619633,0.003487576497718692,0.003245315980166197,0.004478021524846554,0.006176441442221403
141,95,1620,a,26960,13480,0.004570741206407547,0.0062082866206765175,0.005615234375,0.001598487957380712,0.002355302916839719,0.0038555420469492674,0.003249641740694642,0.004442216828465462,0.006698048673570156
142,95,1620,b,27022,29726,0.0044260649010539055,0.006029205862432718,0.012939453125,0.0015856486279517412,0.0023551066406071186,0.003509935224428773,0.003229670226573944,0.004463596735149622,0.00615148339420557
143,95,1620,a,28952,14476,0.004580190870910883,0.006343718618154526,0.0029296875,0.001587944570928812,0.002354978583753109,0.003716545645147562,0.0032341473270207644,0.004485596902668476,0.006391320377588272
144,95,1620,a,27416,13708,0.004673769231885672,0.006428118795156479,0.01025390625,0.0016065869713202119,0.0023548277094960213,0.0037172490265220404,0.003262776182964444,0.004457329399883747,0.0064782025292515755
145,95,1620,a,28840,14420,0.004790865816175938,0.006504426244646311,0.00341796875,0.001595958136022091,0.002354649594053626,0.0036102919839322567,0.0032436710316687822,0.004450411535799503,0.006249416619539261
146,95,1620,b,26662,29546,0.004628372378647327,0.00621413579210639,0.001953125,0.0016090887365862727,0.0023545215371996164,0.003477672580629587,0.0032671105582267046,0.004398123826831579,0.006155482493340969
147,95,1620,a,28432,14216,0.004561624489724636,0.006119172554463148,0.006591796875,0.0016002764459699392,0.0023545166477560997,0.0038174553774297237,0.003252399154007435,0.004450927954167128,0.006674332078546286
148,95,1620,b,28654,30542,0.0045396387577056885,0.006215927191078663,0.011474609375,0.001600063988007605,0.0023545129224658012,0.003673175349831581,0.003253052942454815,0.004454261157661676,0.006471315864473581
149,95,1620,b,28270,30350,0.004635054152458906,0.006107932887971401,0.013916015625,0.0015858302358537912,0.002354100113734603,0.003394740866497159,0.003229352179914713,0.004412517417222261,0.00591193325817585
150,95,1620,b,26622,29526,0.004502829629927874,0.006068275310099125,0.007080078125,0.001586718368344009,0.0023540130350738764,0.0034655712079256773,0.0032290141098201275,0.004418190568685532,0.006227415986359119
151,95,1620,a,26064,13032,0.0047483257949352264,0.006513812113553286,0.00048828125,0.0016105625545606017,0.002353907097131014,0.0032781632617115974,0.003271521534770727,0.004471410997211933,0.005838392768055201
152,95,1620,a,27496,13748,0.004816562402993441,0.006767957471311092,0.01953125,0.001610828097909689,0.0023538654204458,0.0035077764187008142,0.003267891239374876,0.004457159899175167,0.006162561010569334
153,95,1620,a,27656,13828,0.0047533088363707066,0.0064781238324940205,0.008544921875,0.0016046789241954684,0.002353376243263483,0.003509658621624112,0.0032594469375908375,0.004432298708707094,0.005900323856621981
154,95,1620,a,28496,14248,0.004618687555193901,0.006412553135305643,0.0078125,0.001606245175935328,0.002353259129449725,0.0036206285003572702,0.0032588799949735403,0.0044151716865599155,0.0062362197786569595
155,95,1620,a,26032,13016,0.004735956899821758,0.006425243336707354,0.002685546875,0.0016065300442278385,0.0023530919570475817,0.0036668041720986366,0.0032648027408868074,0.004445278085768223,0.006467328406870365
156,95,1620,b,26134,29282,0.0048463353887200356,0.0064290654845535755,0.00341796875,0.0016090277349576354,0.0023530730977654457,0.003198687918484211,0.0032688516657799482,0.004425556864589453,0.005761325359344482
157,95,1620,b,26414,29422,0.004860126879066229,0.00652580801397562,0.01025390625,0.001599579700268805,0.002352941082790494,0.0035821464844048023,0.003253241768106818,0.004427823703736067,0.006242774426937103
158,95,1620,a,27408,13704,0.004530563950538635,0.006076025310903788,0.0126953125,0.0015931599773466587,0.002352592535316944,0.003792673349380493,0.0032404642552137375,0.00444452278316021,0.006667815614491701
159,95,1620,a,27248,13624,0.004738167859613895,0.006646718829870224,0.001220703125,0.001613538945093751,0.002352213952690363,0.003957896959036589,0.0032727918587625027,0.004426513332873583,0.006796758156269789
160,95,1620,b,26822,29626,0.004114123061299324,0.005478509236127138,0.013427734375,0.001595262554474175,0.00235216342844069,0.00311879045329988,0.003243661019951105,0.004417321179062128,0.005597256124019623
161,95,1620,b,26638,29534,0.0046395170502364635,0.0064001926220953465,0.008544921875,0.0015982032055035233,0.0023520411923527718,0.0033580856397747993,0.0032503765542060137,0.004440035205334425,0.005940640345215797
162,95,1620,a,28400,14200,0.004479473922401667,0.006310235243290663,0.01318359375,0.001592109678313136,0.0023519175592809916,0.003555422881618142,0.00323886820115149,0.004428660962730646,0.006293990649282932
163,95,1620,b,26310,29370,0.00437056552618742,0.005911384709179401,0.00732421875,0.001603343989700079,0.0023514083586633205,0.0037633844185620546,0.0032578352838754654,0.004439487587660551,0.006502383388578892
164,95,1620,a,28688,14344,0.0045126983895897865,0.006044748704880476,0.00146484375,0.0016077333129942417,0.0023513969499617815,0.0043177008628845215,0.003262639045715332,0.0044457558542490005,0.007148039061576128
165,95,1620,a,27032,13516,0.004551003687083721,0.006117779295891523,0.00390625,0.00160333386156708,0.0023513403721153736,0.003753355937078595,0.003258064854890108,0.00445806048810482,0.006505290046334267
166,95,1620,b,26270,29350,0.004477163776755333,0.005924459081143141,0.0009765625,0.0016075753374025226,0.0023511918261647224,0.0031806814949959517,0.003262962680310011,0.004402562044560909,0.0057699233293533325
167,95,1620,a,27840,13920,0.004792266059666872,0.006608083378523588,0.00390625,0.0015923023456707597,0.002351152477785945,0.00357648404315114,0.0032405939418822527,0.004452035296708345,0.0061544449999928474
168,95,1620,b,28734,30582,0.004590718541294336,0.006213901098817587,0.00146484375,0.0016089522978290915,0.0023511031176894903,0.0033361143432557583,0.0032661408185958862,0.004438977688550949,0.006074320990592241
169,95,1620,b,27662,30046,0.004322149325162172,0.005877519026398659,0.018310546875,0.0015946534695103765,0.0023506840225309134,0.003561475081369281,0.003243055660277605,0.004434563219547272,0.006081163417547941
170,95,1620,a,28368,14184,0.004607021808624268,0.0061936285346746445,0.00732421875,0.001606850535608828,0.0023506437428295612,0.004014710430055857,0.0032647608313709497,0.004456724505871534,0.006946010980755091
171,95,1620,b,27062,29746,0.004573324229568243,0.006062474101781845,0.007080078125,0.0015906038461253047,0.0023502339608967304,0.003444272791966796,0.003235860029235482,0.004436650313436985,0.006194034591317177
172,95,1620,b,27798,30114,0.004535342566668987,0.006209359038621187,0.004638671875,0.001603311626240611,0.002350177615880966,0.0034698026720434427,0.0032583039719611406,0.004440632648766041,0.006176508963108063
173,95,1620,a,28080,14040,0.004714800510555506,0.00658315559849143,0.000244140625,0.0016127867856994271,0.002349589020013809,0.0035163655411452055,0.003274499671533704,0.00445746211335063,0.006265748757869005
174,95,1620,a,29136,14568,0.004891089163720608,0.006791983265429735,0.015380859375,0.0016035378212109208,0.0023492039181292057,0.003500337479636073,0.0032589631155133247,0.0044375574216246605,0.006241823546588421
175,95,1620,b,26086,29258,0.004871265031397343,0.006638841237872839,0.00732421875,0.001615052460692823,0.0023490965832024813,0.003197251120582223,0.003276349510997534,0.004449405241757631,0.005621480289846659
176,95,1620,a,27072,13536,0.004575024358928204,0.006204843521118164,0.000244140625,0.0016039463225752115,0.002349086804315448,0.0036181025207042694,0.003258165903389454,0.004458968061953783,0.0062703839503228664
177,95,1620,a,27736,13868,0.0049766614101827145,0.007058764807879925,0.015625,0.0016035778680816293,0.002348989713937044,0.0034771901555359364,0.003260626457631588,0.004443143494427204,0.006074015516787767
178,95,1620,a,27824,13912,0.004835250321775675,0.006892504170536995,0.00390625,0.0015963627956807613,0.0023489645682275295,0.0036662952043116093,0.0032461113296449184,0.004442974459379911,0.006385335233062506
179,95,1620,b,28982,30706,0.004575381055474281,0.006263782735913992,0.01025390625,0.0015869707567617297,0.0023489256855100393,0.0032517630606889725,0.003232416231185198,0.004445774480700493,0.005822682753205299
180,95,1620,a,26952,13476,0.00435636518523097,0.005867025349289179,0.002197265625,0.0016050087288022041,0.00234890915453434,0.0036994237452745438,0.0032607517205178738,0.004438779782503843,0.006433344446122646
181,95,1620,a,27480,13740,0.0046246713027358055,0.006325034890323877,0.004150390625,0.0016161283710971475,0.0023487417493015528,0.003593839704990387,0.003277221694588661,0.004450768698006868,0.0063604190945625305
182,95,1620,a,26080,13040,0.0045114378444850445,0.006230952683836222,0.0048828125,0.0016045034863054752,0.002348562702536583,0.003374055726453662,0.003261689329519868,0.004428422544151545,0.005905267782509327
183,95,1620,a,25968,12984,0.004787755664438009,0.00650029769167304,0.025634765625,0.001600897405296564,0.002348528942093253,0.003677769796922803,0.003254166105762124,0.004429456777870655,0.0063937087543308735
184,95,1620,b,26678,29554,0.0047986782155931,0.006464869249612093,0.002685546875,0.0016027563251554966,0.002348170382902026,0.0032700796145945787,0.003255228279158473,0.004439086653292179,0.005714331287890673
185,95,1620,a,28664,14332,0.004267791286110878,0.0057486300356686115,0.00048828125,0.0016014778520911932,0.0023481540847569704,0.0032684574835002422,0.0032526752911508083,0.004440932534635067,0.005788779817521572
186,95,1620,a,27224,13612,0.004685794003307819,0.006333793979138136,0.0009765625,0.0016117076156660914,0.002348084934055805,0.0034149193670600653,0.0032727757934480906,0.00447510089725256,0.005972437560558319
187,95,1620,a,27992,13996,0.004531670827418566,0.006288562435656786,0.004638671875,0.0016004397766664624,0.0023480080999433994,0.003451817436143756,0.0032559691462665796,0.004423207137733698,0.006098867394030094
188,95,1620,a,27200,13600,0.004596516489982605,0.006650872062891722,0.012451171875,0.0016112227458506823,0.002348002279177308,0.004163455683737993,0.003270534100010991,0.0044592153280973434,0.007032001856714487
189,95,1620,b,27126,29778,0.0046930499374866486,0.00641127722337842,0.0146484375,0.0016030374681577086,0.002347953151911497,0.0039873491041362286,0.0032575770746916533,0.004453080706298351,0.0069238874129951
190,95,1620,b,27262,29846,0.004433564841747284,0.005942600779235363,0.009033203125,0.0015787393786013126,0.002347745932638645,0.0036959846038371325,0.0032171118073165417,0.0044324095360934734,0.0063356258906424046
191,95,1620,a,26368,13184,0.004800301045179367,0.006429072003811598,0.010498046875,0.001612930209375918,0.0023476723581552505,0.0036574583500623703,0.003273362759500742,0.004439112264662981,0.006452498026192188
192,95,1620,b,28638,30534,0.004554629325866699,0.00615971814841032,0.016845703125,0.0015919475117698312,0.0023476453498005867,0.004037870559841394,0.003239614423364401,0.004453103058040142,0.006972079630941153
193,95,1620,a,28920,14460,0.00445558549836278,0.00624813511967659,0.00048828125,0.0015941716264933348,0.002347364090383053,0.0033641792833805084,0.0032435033936053514,0.00442973617464304,0.005923424381762743
194,95,1620,a,25944,12972,0.004593681078404188,0.006270987913012505,0.020751953125,0.001594630884937942,0.0023470690939575434,0.003750596893951297,0.003243868239223957,0.004455310758203268,0.006553127896040678
195,95,1620,a,26040,13020,0.004502353724092245,0.0061344425193965435,0.004150390625,0.0016133561730384827,0.002347039058804512,0.003424121765419841,0.0032757739536464214,0.004449291620403528,0.0060748388059437275
196,95,1620,b,26150,29290,0.004624045453965664,0.0064372834749519825,0.010009765625,0.0016109033022075891,0.0023470320738852024,0.003657807596027851,0.003272104077041149,0.004419874399900436,0.006195532623678446
197,95,1620,a,28984,14492,0.004693671129643917,0.006641967222094536,0.001220703125,0.0015992257976904511,0.0023469675797969103,0.0034649597946554422,0.003250688314437866,0.004460493102669716,0.006051274016499519
198,95,1620,a,26944,13472,0.0044255489483475685,0.005907841958105564,0.001220703125,0.0015849657356739044,0.0023468653671443462,0.0035611821804195642,0.0032273163087666035,0.004443239886313677,0.006232060957700014
199,95,1620,a,28672,14336,0.004772869870066643,0.006733762566000223,0.0068359375,0.001606653560884297,0.002346791559830308,0.003867518389597535,0.0032620516140013933,0.004465866833925247,0.006779068149626255
200,95,1620,a,25976,12988,0.004673125687986612,0.006211305968463421,0.02294921875,0.0016098443884402514,0.0023466465063393116,0.003787347348406911,0.0032686355989426374,0.004452922847121954,0.00652871560305357
201,95,1620,a,27584,13792,0.00469151372089982,0.006391191855072975,0.005126953125,0.0016095397295430303,0.002346442313864827,0.003546376945450902,0.003266397165134549,0.00445628073066473,0.0063377139158546925
202,95,1620,b,27094,29762,0.00442759832367301,0.006005007773637772,0.004150390625,0.0016054636798799038,0.002346373163163662,0.0036087522748857737,0.003262097481638193,0.004442570731043816,0.006307925097644329
203,95,1620,b,28934,30682,0.004499448463320732,0.006094004027545452,0.004150390625,0.0015853885561227798,0.0023463608231395483,0.003216668264940381,0.0032296711578965187,0.004438602831214666,0.0057668378576636314
204,95,1620,a,27800,13900,0.004684940911829472,0.006268809083849192,0.008544921875,0.0015842235879972577,0.002346157329156995,0.004089408088475466,0.0032264848705381155,0.0043870932422578335,0.006938194390386343
205,95,1620,b,29038,30734,0.004659684840589762,0.006380877923220396,0.010986328125,0.0015972392866387963,0.0023461522068828344,0.003359481692314148,0.003246357198804617,0.004403593484312296,0.005973676685243845
206,95,1620,a,28720,14360,0.004429882392287254,0.005868964828550816,0.004638671875,0.0016060620546340942,0.0023457948118448257,0.0036124985199421644,0.0032612476497888565,0.004448424093425274,0.006379364989697933
207,95,1620,a,27664,13832,0.004803071729838848,0.006449931301176548,0.003173828125,0.0016000672476366162,0.0023456504568457603,0.0034293602220714092,0.0032525979913771152,0.0044177742674946785,0.006080773659050465
208,95,1620,a,26096,13048,0.004763441160321236,0.006644020322710276,0.009521484375,0.0015926685882732272,0.0023453603498637676,0.0031279653776437044,0.003243165323510766,0.004416888579726219,0.005603478290140629
209,95,1620,a,27920,13960,0.004530203528702259,0.006032243371009827,0.0107421875,0.0015989997191354632,0.002345300978049636,0.003917273133993149,0.0032553751952946186,0.004430775530636311,0.006786560174077749
210,95,1620,a,27056,13528,0.004641842562705278,0.006331572309136391,0.012451171875,0.001600924995727837,0.0023452669847756624,0.003488471731543541,0.003255478572100401,0.004437594674527645,0.006111446302384138
211,95,1620,b,26238,29334,0.004549863748252392,0.006102402228862047,0.0009765625,0.0015929627697914839,0.0023452243767678738,0.0036067806649953127,0.003239412559196353,0.004447478801012039,0.0062956796027719975
212,95,1620,a,28328,14164,0.004664687439799309,0.006481507793068886,0.008544921875,0.0016067555407062173,0.0023451768793165684,0.003428515512496233,0.0032665743492543697,0.004459541290998459,0.006018792744725943
213,95,1620,b,26462,29446,0.004297466948628426,0.005793446209281683,0.01220703125,0.0015935582341626287,0.0023451654706150293,0.0036754519678652287,0.003240956924855709,0.004410030785948038,0.006437037605792284
214,95,1620,b,28134,30282,0.004645828623324633,0.006217236164957285,0.024169921875,0.0016003202181309462,0.002344950335100293,0.0035307970829308033,0.003251299262046814,0.004434811882674694,0.006143790669739246
215,95,1620,a,27952,13976,0.004661851096898317,0.00630994513630867,0.002197265625,0.001617348287254572,0.0023449126165360212,0.003671569051221013,0.0032818831969052553,0.004438408650457859,0.006318625528365374
216,95,1620,b,27398,29914,0.004602600354701281,0.0062913065776228905,0.026611328125,0.0015894065145403147,0.002344591775909066,0.0036332453601062298,0.003234618343412876,0.004453763365745544,0.006429747678339481
217,95,1620,b,27366,29898,0.004434820730239153,0.005915625486522913,0.011474609375,0.0015897969715297222,0.0023445291444659233,0.003969213459640741,0.0032333494164049625,0.004393451847136021,0.006786853075027466
218,95,1620,b,28774,30602,0.004579584579914808,0.006363448686897755,0.010986328125,0.0016038927715271711,0.002344375941902399,0.0037925532087683678,0.003256296506151557,0.004428714048117399,0.006521621719002724
219,95,1620,a,27336,13668,0.004584903363138437,0.0062025985680520535,0.005615234375,0.0016063560033217072,0.002344301901757717,0.0036647291854023933,0.0032633920200169086,0.004446455743163824,0.006403792649507523
220,95,1620,b,26878,29654,0.004525752738118172,0.006167370360344648,0.005859375,0.0015921567101031542,0.0023441528901457787,0.004055505618453026,0.0032393508590757847,0.004439004231244326,0.006917670834809542
221,95,1620,a,27880,13940,0.004683462902903557,0.0064135827124118805,0.00927734375,0.0015995427966117859,0.0023440446238964796,0.0035641640424728394,0.0032534911297261715,0.004426803905516863,0.00630960101261735
222,95,1620,b,28766,30598,0.004646130371838808,0.0063335285522043705,0.016845703125,0.0015964617487043142,0.002343895845115185,0.003445345675572753,0.0032445855904370546,0.0044568004086613655,0.006126145366579294
223,95,1620,b,28102,30266,0.004521266091614962,0.0062081883661448956,0.005859375,0.0015979313757270575,0.002343827625736594,0.0034532526042312384,0.0032496419735252857,0.004446444567292929,0.005980669055134058
224,95,1620,b,26862,29646,0.004326307214796543,0.00582171930000186,0.011962890625,0.0016055803280323744,0.0023429682478308678,0.003499257145449519,0.0032615948002785444,0.004404355306178331,0.006227040663361549
225,95,1620,a,29040,14520,0.004610615316778421,0.006412218324840069,0.010986328125,0.0015985863283276558,0.0023428264539688826,0.0035301465541124344,0.003252406371757388,0.00441863015294075,0.006308951415121555
226,95,1620,a,27048,13524,0.004666022025048733,0.006261536851525307,0.01611328125,0.0016086194664239883,0.0023427933920174837,0.004472086671739817,0.0032661391887813807,0.0044423979707062244,0.0075699943117797375
227,95,1620,b,27222,29826,0.00449653435498476,0.006114274263381958,0.011962890625,0.0015835934318602085,0.002342603402212262,0.0035371414851397276,0.0032241877634078264,0.0044622174464166164,0.006269657053053379
228,95,1620,a,28696,14348,0.004608057904988527,0.006137808784842491,0.00439453125,0.0016056521562859416,0.002342499326914549,0.00391356460750103,0.003259732387959957,0.004445413593202829,0.006841076537966728
229,95,1620,b,26406,29418,0.0049226488918066025,0.006674473639577627,0.0107421875,0.00160103605594486,0.0023424297105520964,0.0037880241870880127,0.0032537991646677256,0.004426200408488512,0.006597647909075022
230,95,1620,b,27158,29794,0.004772322718054056,0.006452982313930988,0.019775390625,0.0015831667697057128,0.0023423326201736927,0.0034308976028114557,0.0032243458554148674,0.004437039140611887,0.005967679433524609
231,95,1620,b,27790,30110,0.004298064392060041,0.005668587051331997,0.00732421875,0.0015843381406739354,0.00234226300381124,0.0034367369953542948,0.003227716777473688,0.004405368119478226,0.005856706760823727
232,95,1620,b,26302,29366,0.004282617475837469,0.005791029892861843,0.001953125,0.0015926627675071359,0.0023422599770128727,0.0032683981116861105,0.0032404479570686817,0.004421576391905546,0.00580519950017333
233,95,1620,a,28928,14464,0.0046080187894403934,0.006392634939402342,0.004638671875,0.0015917721902951598,0.0023415449541062117,0.003778262995183468,0.0032394721638411283,0.004447035491466522,0.00649820314720273
234,95,1620,a,28944,14472,0.0045247566886246204,0.006389718968421221,0.0068359375,0.0016014891443774104,0.002341476734727621,0.0034442199394106865,0.0032550147734582424,0.004426029045134783,0.006162871606647968
235,95,1620,a,28592,14296,0.0042686667293310165,0.005737075116485357,0.004150390625,0.0015970318345353007,0.002341474173590541,0.003601101692765951,0.003246299922466278,0.004409249406307936,0.006223312579095364
236,95,1620,a,27096,13548,0.004759528674185276,0.006556547712534666,0.00927734375,0.0016052216524258256,0.002341415034607053,0.003651595441624522,0.0032612697687000036,0.004467416554689407,0.006512647960335016
237,95,1620,a,26120,13060,0.004694331903010607,0.006244148593395948,0.010986328125,0.001603847136721015,0.0023411386646330357,0.003479344304651022,0.003259549615904689,0.00444375816732645,0.006132570561021566
238,95,1620,a,26712,13356,0.0048584421165287495,0.006542306859046221,0.005126953125,0.0015892123337835073,0.00234102550894022,0.003448285162448883,0.00323501112870872,0.004414650145918131,0.0062218052335083485
239,95,1620,b,27574,30002,0.004694596864283085,0.006371406838297844,0.027587890625,0.0015967439394444227,0.002340915147215128,0.0037831866648048162,0.003246402135118842,0.004443089943379164,0.00650647422298789
240,95,1620,b,26998,29714,0.004376246128231287,0.005966911558061838,0.0126953125,0.0015818377723917365,0.002340812236070633,0.00398115161806345,0.003220801940187812,0.004434715490788221,0.00682776840403676
241,95,1620,a,27432,13716,0.004735719412565231,0.006625207606703043,0.002685546875,0.0015907281776890159,0.0023407551925629377,0.003897004760801792,0.0032371035777032375,0.004446348175406456,0.006597902160137892
242,95,1620,b,27342,29886,0.004324838984757662,0.005873548332601786,0.00244140625,0.0015824921429157257,0.002340666251257062,0.003449152922257781,0.003221965627744794,0.004420904908329248,0.005985928233712912
243,95,1620,b,28886,30658,0.004304791800677776,0.005808467976748943,0.00732421875,0.0015985487261787057,0.0023405577521771193,0.0035245257895439863,0.003247514832764864,0.004442977253347635,0.0060686636716127396
244,95,1620,b,28038,30234,0.004200817551463842,0.005514801014214754,0.009033203125,0.001582566648721695,0.0023404054809361696,0.003468430833891034,0.003225285792723298,0.004394647665321827,0.006179069168865681
245,95,1620,a,26008,13004,0.00459544500336051,0.006173210684210062,0.00732421875,0.0015983710763975978,0.002340196631848812,0.003389909164980054,0.003249742090702057,0.004417079966515303,0.006086656823754311
246,95,1620,a,28408,14204,0.004649349022656679,0.006299792323261499,0.0078125,0.0015927175991237164,0.0023401963990181684,0.0033190823160111904,0.003243138547986746,0.004420673940330744,0.005905248690396547
247,95,1620,b,29094,30762,0.004462731536477804,0.00598031934350729,0.003662109375,0.001587240258231759,0.002340171253308654,0.003539969911798835,0.003230907255783677,0.004433807916939259,0.006151481531560421
248,95,1620,a,28680,14340,0.004544567316770554,0.006047325674444437,0.003662109375,0.0016012649284675717,0.002340101171284914,0.003834329079836607,0.003252352587878704,0.0044181677512824535,0.006606083828955889
249,95,1620,a,28008,14004,0.004575234372168779,0.006162950303405523,0.009521484375,0.001602247590199113,0.0023400699719786644,0.0036760130897164345,0.003256765427067876,0.004424521699547768,0.006516705732792616
250,95,1620,a,27592,13796,0.0048535894602537155,0.006828825455158949,0.006103515625,0.0016044428339228034,0.0023400383070111275,0.003522599348798394,0.003259040415287018,0.004413111135363579,0.006316067185252905
251,95,1620,b,26278,29354,0.004498683847486973,0.006181845907121897,0.00439453125,0.0015994783025234938,0.0023396718315780163,0.003361388109624386,0.0032507162541151047,0.004443561192601919,0.005969012621790171
252,95,1620,b,26174,29302,0.004667101893573999,0.006386407185345888,0.0068359375,0.0015936610288918018,0.0023395786993205547,0.00374974450096488,0.0032446682453155518,0.004458151292055845,0.006491547916084528
253,95,1620,a,27792,13896,0.004557679407298565,0.006061917636543512,0.00537109375,0.0015924936160445213,0.0023395726457238197,0.0035964855924248695,0.00324057275429368,0.004404114093631506,0.0061875819228589535
254,95,1620,b,26078,29254,0.004827865399420261,0.006521852687001228,0.002685546875,0.0016030987026169896,0.0023393973242491484,0.0031950115226209164,0.003256798256188631,0.004432082176208496,0.005711371544748545
255,95,1620,a,28656,14328,0.004539825487881899,0.006240783724933863,0.011474609375,0.0015962757170200348,0.0023393870797008276,0.0035648606717586517,0.003244945779442787,0.00442076288163662,0.006168436259031296
256,95,1620,a,27136,13568,0.004546087235212326,0.0060241809114813805,0.005126953125,0.001606763806194067,0.0023393838200718164,0.004108800552785397,0.0032631203066557646,0.004401414655148983,0.006878070533275604
257,95,1620,a,26904,13452,0.0045526823960244656,0.0060981931164860725,0.004638671875,0.0016030695987865329,0.0023393076844513416,0.004020729102194309,0.003256670432165265,0.004433172754943371,0.007007398176938295
258,95,1620,a,28136,14068,0.004672833252698183,0.006423907820135355,0.0107421875,0.001604889752343297,0.002338915131986141,0.0032946979627013206,0.0032625438179820776,0.004382454324513674,0.0057665277272462845
259,95,1620,a,27544,13772,0.004521439783275127,0.006231735926121473,0.0009765625,0.0016089993296191096,0.0023388757836073637,0.0037171924486756325,0.0032654909882694483,0.004436645656824112,0.0065077063627541065
260,95,1620,b,26118,29274,0.004774388391524553,0.006340677384287119,0.006591796875,0.0016068494878709316,0.002338866703212261,0.003952068276703358,0.003264667931944132,0.004447708372026682,0.006605881731957197
261,95,1620,b,27214,29822,0.004592188633978367,0.00639122910797596,0.01513671875,0.0015826682792976499,0.002338809659704566,0.0041269343346357346,0.0032224603928625584,0.004411769099533558,0.007102265954017639
262,95,1620,a,26144,13072,0.0045212022960186005,0.006088764872401953,0.011962890625,0.0015928226057440042,0.002338552149012685,0.003214418888092041,0.003240694059059024,0.004460313823074102,0.005762561224400997
263,95,1620,a,26000,13000,0.004738053306937218,0.006272569764405489,0.017822265625,0.0016005277866497636,0.0023385081440210342,0.003669364843517542,0.003253243863582611,0.00443114573135972,0.006485847290605307
264,95,1620,b,27782,30106,0.004413112532347441,0.006106652319431305,0.00439453125,0.0015798331005498767,0.0023384043015539646,0.003296263748779893,0.003221353283151984,0.004404028411954641,0.005921900272369385
265,95,1620,b,29134,30782,0.004358591977506876,0.005993109196424484,0.001708984375,0.001582485274411738,0.0023381717037409544,0.003514830255880952,0.0032243693713098764,0.004435988143086433,0.006143099628388882
266,95,1620,b,29014,30722,0.004463029559701681,0.006075415760278702,0.006591796875,0.0015958937583491206,0.0023381151258945465,0.003577540395781398,0.0032448796555399895,0.004414674825966358,0.006121041253209114
267,95,1620,a,27280,13640,0.004559375811368227,0.006247388664633036,0.01025390625,0.001600548974238336,0.0023380694910883904,0.003313587047159672,0.0032523521222174168,0.004411736037582159,0.005906561389565468
268,95,1620,b,27054,29742,0.004701163619756699,0.006338055711239576,0.01171875,0.0015981483738869429,0.002337996382266283,0.0037524194922298193,0.003249380737543106,0.004412483423948288,0.006616905797272921
269,95,1620,a,27680,13840,0.004732810892164707,0.006432665511965752,0.009033203125,0.001605349127203226,0.002337954007089138,0.003227391978725791,0.0032626937609165907,0.004443078767508268,0.005769462790340185
270,95,1620,b,28078,30254,0.004740339703857899,0.006543606054037809,0.020751953125,0.0015959918964654207,0.002337938640266657,0.0037560821510851383,0.0032454319298267365,0.004412241280078888,0.00641829427331686
271,95,1620,a,26232,13116,0.0045856391079723835,0.006112355273216963,0.008544921875,0.0015930361114442348,0.0023379141930490732,0.003731545526534319,0.003240738995373249,0.004429594147950411,0.0065162875689566135
272,95,1620,a,28736,14368,0.004291967023164034,0.005807367619127035,0.0,0.0015873224474489689,0.00233779801055789,0.003293446032330394,0.003230408998206258,0.004449187777936459,0.005755187012255192
273,95,1620,a,27080,13540,0.004717166535556316,0.00638220040127635,0.001220703125,0.0016009500250220299,0.002337757498025894,0.004025219473987818,0.0032547363080084324,0.004436975810676813,0.006919415667653084
274,95,1620,b,27238,29834,0.004509343765676022,0.006107782479375601,0.0029296875,0.0015869350172579288,0.00233770371414721,0.0036582788452506065,0.003229947295039892,0.004425466526299715,0.006310472264885902
275,95,1620,a,28608,14304,0.0043156384490430355,0.005938692018389702,0.002685546875,0.0016001935582607985,0.002337666926905513,0.0032679301220923662,0.0032518566586077213,0.004428960848599672,0.005853632930666208
276,95,1620,b,29062,30746,0.004603495355695486,0.006174429319798946,0.016845703125,0.0015875773970037699,0.002337663434445858,0.0036983443424105644,0.003231097012758255,0.004419855307787657,0.0064040059223771095
277,95,1620,a,27216,13608,0.004536736756563187,0.0061343275010585785,0.009033203125,0.0015944305341690779,0.0023376282770186663,0.0032963391859084368,0.0032457683701068163,0.004391721449792385,0.005759020335972309
278,95,1620,b,27766,30098,0.0044637941755354404,0.006230401340872049,0.000244140625,0.0015821357956156135,0.0023376059252768755,0.003594444366171956,0.003224381245672703,0.004437256138771772,0.006261128932237625
279,95,1620,b,27438,29934,0.004587826784700155,0.006242949981242418,0.02587890625,0.0016037371242418885,0.0023374937009066343,0.0036027024034410715,0.0032572720665484667,0.0043986025266349316,0.006122583989053965
280,95,1620,a,28040,14020,0.004866344388574362,0.006754024885594845,0.001708984375,0.0015994928544387221,0.002337478566914797,0.0035584443248808384,0.003252685070037842,0.004404040053486824,0.006300331559032202
281,95,1620,a,25984,12992,0.0045509347692132,0.006088039837777615,0.018798828125,0.001598298898898065,0.002337450161576271,0.0036262040957808495,0.0032499809749424458,0.004436375107616186,0.0063536325469613075
282,95,1620,b,26230,29330,0.004719022195786238,0.006354288198053837,0.00439453125,0.001586404861882329,0.0023374485317617655,0.003364250063896179,0.0032305934000760317,0.004399470519274473,0.005852047819644213
283,95,1620,a,28232,14116,0.0045800828374922276,0.006114926189184189,0.013671875,0.0015890449285507202,0.002337309531867504,0.003810339141637087,0.003234518226236105,0.004414563998579979,0.006542408838868141
284,95,1620,a,27112,13556,0.0046849544160068035,0.006544017232954502,0.000732421875,0.0016105745453387499,0.002337296260520816,0.003534497693181038,0.003271927824243903,0.004429340362548828,0.006231486331671476
285,95,1620,a,29032,14516,0.004752578679472208,0.006548384204506874,0.01416015625,0.0016042205970734358,0.0023372159339487553,0.003411814570426941,0.0032616739626973867,0.00438795518130064,0.0059534464962780476
286,95,1620,a,28560,14280,0.004532590042799711,0.006384401116520166,0.013916015625,0.0015898292185738683,0.0023369051050394773,0.003431316465139389,0.0032381098717451096,0.004419089760631323,0.005973151884973049
287,95,1620,b,26718,29574,0.004663993138819933,0.006332483142614365,0.0087890625,0.0016020782059058547,0.0023368890397250652,0.0030347255524247885,0.0032529407180845737,0.004411271773278713,0.0055069648660719395
288,95,1620,b,26486,29458,0.004493070300668478,0.006176353432238102,0.003662109375,0.0015944433398544788,0.0023367770481854677,0.0035750328097492456,0.003243013983592391,0.004442461766302586,0.006235255394130945
289,95,1620,b,28694,30562,0.004535330925136805,0.0060739461332559586,0.03759765625,0.0015926249325275421,0.0023365675006061792,0.0033162685576826334,0.0032379734329879284,0.004429148975759745,0.0058950018137693405
290,95,1620,a,28184,14092,0.0048474278301000595,0.006641734857112169,0.024658203125,0.0015927739441394806,0.00233649299480021,0.0035378015600144863,0.0032441189978271723,0.004421552177518606,0.006295985542237759
291,95,1620,b,27182,29806,0.004364216234534979,0.006003891583532095,0.008544921875,0.0015878045232966542,0.0023364112712442875,0.003506088862195611,0.00323299877345562,0.004425227176398039,0.00628752913326025
292,95,1620,a,28048,14024,0.004779146518558264,0.006565073039382696,0.00341796875,0.0015955243725329638,0.002336283912882209,0.003851331304758787,0.0032480552326887846,0.004415103700011969,0.00670283567160368
293,95,1620,a,26184,13092,0.004578870255500078,0.006322822999209166,0.001220703125,0.0015837698010727763,0.0023361879866570234,0.0031882652547210455,0.0032267095521092415,0.004405277781188488,0.0056226192973554134
294,95,1620,a,26312,13156,0.004531193990260363,0.006090325769037008,0.0126953125,0.0016091151628643274,0.0023361369967460632,0.0037470865063369274,0.0032684532925486565,0.004401275422424078,0.0064553385600447655
295,95,1620,a,26880,13440,0.004634516313672066,0.00628833519294858,0.01025390625,0.0015978426672518253,0.0023358818143606186,0.0033901084680110216,0.003250321140512824,0.0044044009409844875,0.005955271422863007
296,95,1620,a,27512,13756,0.004557183012366295,0.006226637400686741,0.027099609375,0.0016097471816465259,0.002335869474336505,0.003218189114704728,0.003268512897193432,0.004419988486915827,0.005684994626790285
297,95,1620,b,26110,29270,0.0049231210723519325,0.006777819711714983,0.016845703125,0.001599322771653533,0.002335424767807126,0.003665478201583028,0.0032532543409615755,0.004454618785530329,0.006307338364422321
298,95,1620,a,26104,13052,0.004464097321033478,0.006075819954276085,0.003662109375,0.0015884590102359653,0.00233535491861403,0.00376644404605031,0.0032363138161599636,0.004418676253408194,0.00649087131023407
299,95,1620,a,29088,14544,0.004674094263464212,0.00642889691516757,0.00830078125,0.0015995776047930121,0.0023351458366960287,0.0033759260550141335,0.0032519043888896704,0.004425197374075651,0.006042854394763708
300,95,1620,a,27152,13576,0.004698008298873901,0.00641992362216115,0.005615234375,0.0016073551960289478,0.0023351239506155252,0.003933859057724476,0.0032645047176629305,0.004418466705828905,0.006576222367584705
301,95,1620,a,27728,13864,0.004783600103110075,0.0066368114203214645,0.010986328125,0.0016077379696071148,0.002335081109777093,0.003534860210493207,0.003266347572207451,0.004411456640809774,0.006017549894750118
302,95,1620,a,28200,14100,0.004561064299196005,0.006072896998375654,0.0048828125,0.0015912606613710523,0.0023350794799625874,0.0037631969898939133,0.0032407152466475964,0.004450456239283085,0.006302610505372286
303,95,1620,b,26190,29310,0.004690517205744982,0.006282151211053133,0.0,0.0015942645259201527,0.002335016615688801,0.0038308429066091776,0.003243442391976714,0.004412665963172913,0.00668832752853632
304,95,1620,a,28504,14252,0.004754910245537758,0.006673749536275864,0.009033203125,0.0016106581315398216,0.0023350142873823643,0.003591706743463874,0.0032670835498720407,0.004415825940668583,0.006246320437639952
305,95,1620,b,28702,30566,0.004434435162693262,0.0059886351227760315,0.029296875,0.001579255680553615,0.002334577264264226,0.0032788619864732027,0.003217573743313551,0.004408220294862986,0.005833705887198448
306,95,1620,a,29128,14564,0.004639454651623964,0.00645136833190918,0.009765625,0.0016073936130851507,0.002334467601031065,0.0035675347317010164,0.003263965016230941,0.004459925927221775,0.00616611260920763
307,95,1620,b,28814,30622,0.00473389308899641,0.006309189833700657,0.020751953125,0.0015999602619558573,0.0023342317435890436,0.0032800252083688974,0.0032497511710971594,0.004421022720634937,0.005844457074999809
308,95,1620,b,27006,29718,0.0045885383151471615,0.006167753599584103,0.012451171875,0.001602133153937757,0.0023341963533312082,0.0038517285138368607,0.0032547288574278355,0.00441509997472167,0.006685166619718075
309,95,1620,a,29056,14528,0.004856299143284559,0.006647041067481041,0.00537109375,0.0016037699533626437,0.00233390461653471,0.0032794068101793528,0.003261278383433819,0.004425526596605778,0.005951542407274246
310,95,1620,b,26830,29630,0.004397186916321516,0.005828042048960924,0.011962890625,0.0016044016228988767,0.002333813114091754,0.0035392101854085922,0.003258893033489585,0.004386899992823601,0.006150391418486834
311,95,1620,a,28600,14300,0.0042302655056118965,0.005836425814777613,0.00048828125,0.0015927881468087435,0.00233371090143919,0.003904536599293351,0.0032387846149504185,0.004435313865542412,0.006580670364201069
312,95,1620,b,26454,29442,0.004398729652166367,0.005774754099547863,0.01171875,0.0015889398055151105,0.002333566779270768,0.003284724662080407,0.003232174087315798,0.004401789978146553,0.005862221587449312
313,95,1620,a,27296,13648,0.004548248369246721,0.006027986761182547,0.015380859375,0.0015951597597450018,0.002333547919988632,0.003394694533199072,0.0032442931551486254,0.004426648840308189,0.006002794019877911
314,95,1620,a,27456,13728,0.004671235103160143,0.0063501689583063126,0.009033203125,0.001592868473380804,0.0023335160221904516,0.0036588681396096945,0.003240924794226885,0.004404572304338217,0.006283520720899105
315,95,1620,b,27046,29738,0.00461969431489706,0.006110471207648516,0.011474609375,0.0015790092293173075,0.002333344193175435,0.003829841734841466,0.0032184640876948833,0.004423125181347132,0.006715991068631411
316,95,1620,a,28784,14392,0.004555830731987953,0.006373218260705471,0.00830078125,0.0016017081215977669,0.002333306474611163,0.0035257581621408463,0.003255140967667103,0.0044242278672754765,0.006167003884911537
317,95,1620,b,28942,30686,0.004498026799410582,0.006013784557580948,0.0029296875,0.0015885108150541782,0.002333148382604122,0.0033762718085199594,0.0032348474487662315,0.004409965127706528,0.005932671017944813
318,95,1620,a,28512,14256,0.004653376992791891,0.006430536974221468,0.00146484375,0.0015997906448319554,0.002332632662728429,0.0035220941063016653,0.0032514440827071667,0.004416394978761673,0.006344630382955074
319,95,1620,b,28662,30546,0.004498171154409647,0.006136389449238777,0.0126953125,0.001599317998625338,0.0023326065856963396,0.003492470597848296,0.0032517267391085625,0.004407839849591255,0.006157580763101578
320,95,1620,b,27814,30122,0.004316778853535652,0.005781424231827259,0.00537109375,0.0015833396464586258,0.0023325923830270767,0.003487097332254052,0.003226101165637374,0.004398983903229237,0.006111656781286001
321,95,1620,a,29064,14532,0.004814487881958485,0.006631309632211924,0.01708984375,0.001603800104930997,0.0023325146175920963,0.0038471175357699394,0.003259351709857583,0.004429399501532316,0.00660326611250639
322,95,1620,a,27168,13584,0.004476061090826988,0.006085747387260199,0.0048828125,0.001598917180672288,0.002332249889150262,0.0033506022300571203,0.0032510419841855764,0.004447744693607092,0.005870334804058075
323,95,1620,a,28744,14372,0.004264801740646362,0.005635763518512249,0.00146484375,0.0016027484089136124,0.0023319136817008257,0.004438422620296478,0.003255280666053295,0.004417506046593189,0.0073404922150075436
324,95,1620,a,26192,13096,0.004207083489745855,0.005672023631632328,0.002685546875,0.0015795649960637093,0.002331752795726061,0.0033303897362202406,0.0032201805151998997,0.004398582503199577,0.005925105884671211
325,95,1620,b,26374,29402,0.004640667233616114,0.006262283772230148,0.00830078125,0.0016000602627173066,0.0023315702565014362,0.003727114060893655,0.003253776580095291,0.004416481591761112,0.006557656452059746
326,95,1620,b,26942,29686,0.004662691615521908,0.006283958908170462,0.020751953125,0.001599541399627924,0.0023315215948969126,0.0033536520786583424,0.003251328831538558,0.00442080432549119,0.005943057127296925
327,95,1620,b,27326,29878,0.004549109842628241,0.0061743780970573425,0.01025390625,0.0015706688864156604,0.002331372117623687,0.003453813958913088,0.0032048418652266264,0.0044201030395925045,0.006176765076816082
328,95,1620,a,26736,13368,0.00453050946816802,0.006090390030294657,0.00732421875,0.0016049464466050267,0.0023312505800276995,0.003938289359211922,0.003261484205722809,0.004407196305692196,0.006700168363749981
329,95,1620,a,27184,13592,0.004667163826525211,0.0063812872394919395,0.00537109375,0.0016093935118988156,0.0023311942350119352,0.003220508573576808,0.0032679729629307985,0.004424478393048048,0.005746620241552591
330,95,1620,a,26248,13124,0.004581278655678034,0.006144832819700241,0.003662109375,0.001596841961145401,0.0023310743272304535,0.0036324497777968645,0.003247783752158284,0.004398561082780361,0.006395504344254732
331,95,1620,a,27864,13932,0.004739072639495134,0.0064493888057768345,0.001953125,0.0015990674728527665,0.002330977702513337,0.0036487900651991367,0.0032539176754653454,0.004419991280883551,0.006338481325656176
332,95,1620,a,27560,13780,0.004843775648623705,0.006539422553032637,0.00390625,0.0016075025778263807,0.0023309369571506977,0.0033367963042110205,0.003264613449573517,0.004397782031446695,0.005907888989895582
333,95,1620,a,29080,14540,0.004669886082410812,0.006394051015377045,0.008056640625,0.0015887136105448008,0.002330935327336192,0.00325568625703454,0.0032327519729733467,0.00440751388669014,0.0057285199873149395
334,95,1620,a,26752,13376,0.004514072556048632,0.006256893277168274,0.000244140625,0.001588210347108543,0.002330743707716465,0.0033860066905617714,0.003233708906918764,0.004406854044646025,0.006037588696926832
335,95,1620,a,27856,13928,0.0045563955791294575,0.0063447896391153336,0.000244140625,0.0016071697464212775,0.0023306577932089567,0.0033628782257437706,0.003267143853008747,0.004421388730406761,0.006006188225001097
336,95,1620,b,29150,30790,0.004466762766242027,0.005994807928800583,0.0048828125,0.0015915102558210492,0.002330532530322671,0.0037808220367878675,0.0032385799568146467,0.004410936962813139,0.006631947588175535
337,95,1620,a,28536,14268,0.004878908395767212,0.006772572640329599,0.02587890625,0.0015821474371477962,0.002330442424863577,0.0033163283951580524,0.003223167499527335,0.004431184381246567,0.005852601956576109
338,95,1620,b,27286,29858,0.004492199048399925,0.006026530172675848,0.01416015625,0.0015753027983009815,0.0023302158806473017,0.003291459521278739,0.0032113485503941774,0.004406680352985859,0.005792918615043163
339,95,1620,a,28968,14484,0.0048248376697301865,0.006669722497463226,0.01025390625,0.0015975313726812601,0.0023301965557038784,0.0034994278103113174,0.0032465471886098385,0.004432120360434055,0.0062730456702411175
340,95,1620,a,26072,13036,0.004625444300472736,0.00620261998847127,0.00537109375,0.001597825437784195,0.002329812617972493,0.00333654903806746,0.003251833375543356,0.004435185343027115,0.0059854015707969666
341,95,1620,a,28384,14192,0.004893403500318527,0.006618657149374485,0.007080078125,0.0016059376066550612,0.002329789102077484,0.0037370428908616304,0.0032632711809128523,0.004420819692313671,0.0065256268717348576
342,95,1620,a,28160,14080,0.004562979564070702,0.0061357696540653706,0.003662109375,0.0015999313909560442,0.0023296044673770666,0.0039784410037100315,0.003252784488722682,0.004390561953186989,0.006872492842376232
343,95,1620,b,28782,30606,0.0047723776660859585,0.006533305626362562,0.011962890625,0.0016175316413864493,0.0023295602295547724,0.0037714350037276745,0.0032786771189421415,0.004424696322530508,0.006612095516175032
344,95,1620,b,27902,30166,0.004422374535351992,0.006132157985121012,0.003662109375,0.0015991241671144962,0.0023295532446354628,0.003536973614245653,0.0032517006620764732,0.004403315018862486,0.006166824605315924
345,95,1620,a,27176,13588,0.004709868226200342,0.006378469057381153,0.0,0.001606732257641852,0.002329482464119792,0.003505208995193243,0.003263154299929738,0.004408516921103001,0.006144356448203325
346,95,1620,a,27984,13992,0.004544313997030258,0.006125466898083687,0.012939453125,0.0016004847129806876,0.002329463604837656,0.0036483989097177982,0.0032543689012527466,0.00439345370978117,0.006400859449058771
347,95,1620,a,26136,13068,0.004706482402980328,0.006456421222537756,0.00830078125,0.0016063525108620524,0.0023293595295399427,0.0033270586282014847,0.0032643000595271587,0.004420794080942869,0.0058327303268015385
348,95,1620,a,28320,14160,0.00450277142226696,0.00611437764018774,0.008544921875,0.0016090908320620656,0.0023290798999369144,0.0036615559365600348,0.0032679717987775803,0.004402313381433487,0.0061890315264463425
349,95,1620,a,28176,14088,0.004779453855007887,0.00641936669126153,0.016357421875,0.0016020203474909067,0.002328961156308651,0.003399485955014825,0.0032586154993623495,0.0044248392805457115,0.005898988340049982
350,95,1620,a,28848,14424,0.004685950465500355,0.006449233740568161,0.00634765625,0.0016051654238253832,0.002328707603737712,0.003703145310282707,0.0032576830126345158,0.004429878666996956,0.006354802753776312
351,95,1620,a,27872,13936,0.004853150807321072,0.006748307030647993,0.00830078125,0.0015971774701029062,0.002328620757907629,0.0036410768516361713,0.003248445922508836,0.004424200393259525,0.006407105829566717
352,95,1620,b,27638,30034,0.004368617665022612,0.006182475946843624,0.0009765625,0.0015812001656740904,0.002328594448044896,0.0033691544085741043,0.0032215232495218515,0.004419632256031036,0.005796649493277073
353,95,1620,a,26896,13448,0.004646540619432926,0.006407920271158218,0.00048828125,0.0015970055246725678,0.0023285418283194304,0.004686874337494373,0.0032481360249221325,0.004416479729115963,0.007746115792542696
354,95,1620,b,29166,30798,0.004442146979272366,0.005968912038952112,0.01025390625,0.0015920079313218594,0.0023284428752958775,0.003728187410160899,0.00324013433419168,0.004414969589561224,0.0064262268133461475
355,95,1620,b,29126,30778,0.004528145771473646,0.006263039540499449,0.009521484375,0.0015813257778063416,0.0023283190093934536,0.003531157970428467,0.003222825936973095,0.004414136987179518,0.006082109175622463
356,95,1620,b,26806,29618,0.004650231450796127,0.006264195311814547,0.001708984375,0.0015980208991095424,0.0023282261099666357,0.0032084162812680006,0.0032473888713866472,0.004410404711961746,0.005679676309227943
357,95,1620,a,28024,14012,0.0046319859102368355,0.006242868956178427,0.007568359375,0.001594669301994145,0.0023282032925635576,0.004040938336402178,0.0032454822212457657,0.004385402891784906,0.006770647596567869
358,95,1620,a,28296,14148,0.0045181564055383205,0.006205006968230009,0.009521484375,0.0016025285003706813,0.0023280582390725613,0.004079799167811871,0.003257072763517499,0.004430873319506645,0.006928471382707357
359,95,1620,b,27230,29830,0.004630792420357466,0.00625993637368083,0.007568359375,0.001590363564901054,0.002327867317944765,0.003654112806543708,0.0032344593200832605,0.00443232012912631,0.006394361611455679
360,95,1620,b,26758,29594,0.004571913275867701,0.006224798504263163,0.000244140625,0.0016004592180252075,0.0023278016597032547,0.003223735373467207,0.003250649431720376,0.004394935443997383,0.00577190238982439
361,95,1620,a,26656,13328,0.004913184326142073,0.006694240029901266,0.0087890625,0.0016045941738411784,0.002327599097043276,0.003809371031820774,0.0032609524205327034,0.004434969276189804,0.006655645091086626
362,95,1620,b,28046,30238,0.004406758118420839,0.00594017980620265,0.014404296875,0.0015940677840262651,0.0023275348357856274,0.0034986583050340414,0.0032429927960038185,0.004423679318279028,0.00607694499194622
363,95,1620,a,27720,13860,0.004794103559106588,0.006561916787177324,0.006591796875,0.0015929007204249501,0.002326891291886568,0.003394230268895626,0.0032415844034403563,0.004421134013682604,0.005877234507352114
364,95,1620,b,27382,29906,0.004470757208764553,0.0060953437350690365,0.02099609375,0.0015914556570351124,0.0023268796503543854,0.0034911581315100193,0.003238247474655509,0.0044007678516209126,0.006214603316038847
365,95,1620,a,27000,13500,0.004435135517269373,0.00599910132586956,0.0185546875,0.0015907769557088614,0.002326793735846877,0.003934919834136963,0.0032407387625426054,0.0044065057300031185,0.006780731026083231
366,95,1620,b,27278,29854,0.004466538783162832,0.005977578926831484,0.010498046875,0.0015659143682569265,0.002326657995581627,0.0032363864593207836,0.003198513062670827,0.004418790340423584,0.005829809233546257
367,95,1620,b,29206,30818,0.0042703584767878056,0.005800627171993256,0.00341796875,0.0015901552978903055,0.00232653203420341,0.004294874146580696,0.003236128017306328,0.004422148689627647,0.007245211862027645
368,95,1620,b,28142,30286,0.004614751785993576,0.006190162617713213,0.033203125,0.0015835780650377274,0.0023265292402356863,0.00326654314994812,0.003223469713702798,0.0044186790473759174,0.005818660371005535
369,95,1620,a,25952,12976,0.004490590188652277,0.0059592267498373985,0.01708984375,0.0016035325825214386,0.002326510613784194,0.0034387323539704084,0.003260323777794838,0.004430940840393305,0.006007526069879532
370,95,1620,b,27318,29874,0.004644455853849649,0.006170970853418112,0.019775390625,0.0015773309860378504,0.0023264619521796703,0.004195521119982004,0.0032127671875059605,0.00440604705363512,0.007021825760602951
371,95,1620,b,28094,30262,0.00453868368640542,0.006059712264686823,0.00927734375,0.0015904740430414677,0.0023264100309461355,0.0038501231465488672,0.003237683093175292,0.004426961299031973,0.0065401773899793625
372,95,1620,a,25992,12996,0.004728409927338362,0.006397887133061886,0.01806640625,0.0015935954870656133,0.002326400950551033,0.0035050022415816784,0.0032419452909380198,0.0044279806315898895,0.006140860263258219
373,95,1620,a,27264,13632,0.004484520293772221,0.006235235370695591,0.005126953125,0.0015985823702067137,0.002326246118173003,0.003716151462867856,0.003250227542594075,0.004395746160298586,0.006594319827854633
374,95,1620,b,26038,29234,0.004989642649888992,0.007003706879913807,0.0205078125,0.0016012821579352021,0.002326148096472025,0.0033300849609076977,0.003254673909395933,0.004400230478495359,0.005865909159183502
375,95,1620,b,28070,30250,0.004338205326348543,0.005709119141101837,0.020751953125,0.0015811828197911382,0.002326095011085272,0.0037866346538066864,0.003220310900360346,0.004384658765047789,0.006648218259215355
376,95,1620,b,27878,30154,0.004251040518283844,0.005738528911024332,0.005615234375,0.0015907969791442156,0.0023260863963514566,0.0033015930093824863,0.0032394363079220057,0.004395636729896069,0.005875145085155964
377,95,1620,b,29222,30826,0.004361163824796677,0.005837609525769949,0.012939453125,0.0015943218022584915,0.0023259189911186695,0.003473075805231929,0.003243397455662489,0.004387576133012772,0.0061910138465464115
378,95,1620,b,26046,29238,0.004896295722573996,0.00679823337122798,0.010009765625,0.0016085708048194647,0.002325899200513959,0.0036862962879240513,0.0032661226578056812,0.0043929885141551495,0.006445186212658882
379,95,1620,b,28110,30270,0.004472888074815273,0.006068489048629999,0.001708984375,0.001586415688507259,0.0023258186411112547,0.0035258459392935038,0.0032297251746058464,0.004407854750752449,0.006265242118388414
380,95,1620,b,27166,29798,0.004627295769751072,0.006382511463016272,0.018310546875,0.0015865685418248177,0.0023255464620888233,0.0036231877747923136,0.0032310138922184706,0.004422192461788654,0.006151288747787476
381,95,1620,a,28208,14104,0.004609598312526941,0.00619616499170661,0.002197265625,0.0015846812166273594,0.002325488720089197,0.0035014247987419367,0.0032288902439177036,0.004420091863721609,0.006283448077738285
382,95,1620,b,26630,29530,0.004725992679595947,0.006414600647985935,0.009765625,0.0015840616542845964,0.0023254796396940947,0.003155921120196581,0.0032255358528345823,0.0043876683339476585,0.005579352378845215
383,95,1620,a,28776,14388,0.004420163109898567,0.006055580917745829,0.00634765625,0.0015810930635780096,0.002325456589460373,0.00374083430506289,0.0032210913486778736,0.004424243234097958,0.006354738026857376
384,95,1620,a,29096,14548,0.004372460301965475,0.005864110309630632,0.005615234375,0.0015959845623001456,0.0023253995459526777,0.003308083163574338,0.003244614927098155,0.004409083165228367,0.005841519683599472
385,95,1620,a,27312,13656,0.004472939297556877,0.006017834879457951,0.008544921875,0.001602879841811955,0.002325244713574648,0.0031225774437189102,0.0032588220201432705,0.004385793581604958,0.005568698979914188
386,95,1620,a,26168,13084,0.004314335063099861,0.00586359528824687,0.00634765625,0.0015728967264294624,0.002325203036889434,0.0032343962229788303,0.003209773451089859,0.0044026500545442104,0.0057157897390425205
387,95,1620,a,28768,14384,0.004523868206888437,0.006272024940699339,0.0078125,0.0016032251296564937,0.002325196983292699,0.00405509676784277,0.0032548329327255487,0.004422328434884548,0.006759302224963903
388,95,1620,b,29238,30834,0.004305688664317131,0.005727305077016354,0.009521484375,0.0015897750854492188,0.0023250847589224577,0.00413874164223671,0.003236109856516123,0.0043974691070616245,0.006860814057290554
389,95,1620,a,26920,13460,0.004455745220184326,0.005926229525357485,0.009033203125,0.0015975919086486101,0.0023249902296811342,0.0034074438735842705,0.0032481648959219456,0.004359843675047159,0.0061311726458370686
390,95,1620,b,26982,29706,0.004549196921288967,0.006086115725338459,0.00341796875,0.00159825652372092,0.002324958797544241,0.004148456733673811,0.003250107867643237,0.004392971284687519,0.007039431016892195
391,95,1620,b,28582,30506,0.004377236124128103,0.005827557295560837,0.01708984375,0.0015880680875852704,0.0023248130455613136,0.003406349802389741,0.0032319016754627228,0.004404763225466013,0.006094714626669884
392,95,1620,b,26318,29374,0.004681646823883057,0.00629509286954999,0.0068359375,0.001592976856045425,0.0023246535565704107,0.0033975825645029545,0.0032398442272096872,0.004391996189951897,0.006157396826893091
393,95,1620,b,26022,29226,0.0048050605691969395,0.006465375889092684,0.02099609375,0.0016042821807786822,0.00232444005087018,0.0034499121829867363,0.0032589423935860395,0.004407146945595741,0.0058145346119999886
394,95,1620,a,27688,13844,0.004625690635293722,0.006372750736773014,0.005859375,0.001604742486961186,0.002324402565136552,0.0036096307449042797,0.003260640427470207,0.0044246395118534565,0.006387170869857073
395,95,1620,b,28406,30418,0.004473282489925623,0.0060630436055362225,0.009521484375,0.0015802718698978424,0.0023243811447173357,0.0032202790025621653,0.003220252227038145,0.004416543059051037,0.005815261043608189
396,95,1620,b,26550,29490,0.004797079134732485,0.006498198956251144,0.025146484375,0.0015947987558320165,0.002324372297152877,0.0036610804963856936,0.0032453355379402637,0.004412089940160513,0.006246607284992933
397,95,1620,a,26792,13396,0.004483269527554512,0.006097361445426941,0.013671875,0.0015920016448944807,0.002324079629033804,0.0032783662900328636,0.0032398549374192953,0.004394589923322201,0.005901039578020573
398,95,1620,b,26902,29666,0.004429048392921686,0.0059289284981787205,0.0029296875,0.0015915842959657311,0.002324077533558011,0.0032579104881733656,0.0032394304871559143,0.004404005594551563,0.005743415094912052
399,95,1620,a,29104,14552,0.004870621953159571,0.006711725611239672,0.01953125,0.0015872507356107235,0.0023239252623170614,0.0036078791599720716,0.0032312097027897835,0.0043825795873999596,0.006259088404476643
400,95,1620,b,26582,29506,0.004581273999065161,0.006164082791656256,0.006591796875,0.0015882080188021064,0.0023239224683493376,0.003692926838994026,0.0032318898010998964,0.0044020614586770535,0.006485802121460438
401,95,1620,b,27190,29810,0.0044873906299471855,0.006181830540299416,0.01220703125,0.0015869993949308991,0.0023238142021000385,0.0037311676423996687,0.003230796428397298,0.004440306685864925,0.006580597721040249
402,95,1620,b,27926,30178,0.004497016780078411,0.006087993737310171,0.013916015625,0.0015888669295236468,0.0023238102439790964,0.003282201709225774,0.003236136632040143,0.004380545113235712,0.005818905308842659
403,95,1620,b,26534,29482,0.004433383699506521,0.005842276383191347,0.01904296875,0.0015988110098987818,0.0023236973211169243,0.0035074525512754917,0.003251617541536689,0.004417345859110355,0.006086688954383135
404,95,1620,b,26182,29306,0.00485724164173007,0.006558403838425875,0.001953125,0.0016059109475463629,0.002323596505448222,0.0033711132127791643,0.0032638576813042164,0.004392455331981182,0.005990833975374699
405,95,1620,a,26296,13148,0.004676783923059702,0.0063189356587827206,0.009765625,0.0015981389442458749,0.0023235823027789593,0.004089371766895056,0.0032510787714272738,0.004392004106193781,0.00683730049058795
406,95,1620,a,29024,14512,0.004550518002361059,0.006202934309840202,0.013427734375,0.0015972675755620003,0.002323127118870616,0.00334947113879025,0.0032486426644027233,0.004410116467624903,0.005988471210002899
407,95,1620,a,28792,14396,0.004721817560493946,0.006576267071068287,0.00537109375,0.0016006547957658768,0.002323118271306157,0.003703752998262644,0.003252391703426838,0.0043981787748634815,0.006250559352338314
408,95,1620,b,26342,29386,0.0044957417994737625,0.006134003400802612,0.006103515625,0.0015922251623123884,0.0023229403886944056,0.003461678046733141,0.003237916389480233,0.004401620011776686,0.006133774295449257
409,95,1620,b,27102,29766,0.004456605762243271,0.0059317173436284065,0.0,0.0015942262252792716,0.0023221680894494057,0.0034622265957295895,0.0032424943055957556,0.004394369199872017,0.006149493623524904
410,95,1620,a,28088,14044,0.004673460032790899,0.006364656146615744,0.002197265625,0.0016005655052140355,0.0023219941649585962,0.0040470450185239315,0.003254647832363844,0.004408607725054026,0.006861079018563032
411,95,1620,b,27854,30142,0.004345157649368048,0.005815921816974878,0.0048828125,0.0015997320879250765,0.0023219583090394735,0.003829923225566745,0.003252596827223897,0.00443034153431654,0.006632847711443901
412,95,1620,b,26782,29606,0.004607806913554668,0.00632129842415452,0.00390625,0.0016031424747779965,0.0023216819390654564,0.0036821404937654734,0.0032543302513659,0.004377130419015884,0.006330179516226053
413,95,1620,b,28430,30430,0.004462539684027433,0.006066902540624142,0.01513671875,0.0015870511997491121,0.0023216684348881245,0.0033832360059022903,0.0032333361450582743,0.004376180004328489,0.005958423484116793
414,95,1620,a,26176,13088,0.0044539254158735275,0.005948347505182028,0.0009765625,0.001586383325047791,0.002321589970961213,0.0034968964755535126,0.003232702612876892,0.004410668276250362,0.006056477781385183
415,95,1620,b,27870,30150,0.00435042567551136,0.005810511764138937,0.007080078125,0.0015770391328260303,0.002321546198800206,0.003474881872534752,0.0032160640694200993,0.004364658147096634,0.006236023735255003
416,95,1620,a,28352,14176,0.0046768952161073685,0.006400411948561668,0.00244140625,0.0016101965447887778,0.0023214470129460096,0.00368737755343318,0.003270912216976285,0.00440084096044302,0.0064701964147388935
417,95,1620,a,26424,13212,0.004603898618370295,0.0062622674740850925,0.009033203125,0.0015971660614013672,0.0023213953245431185,0.0034999141935259104,0.0032482482492923737,0.0044211652129888535,0.00621188385412097
418,95,1620,b,28718,30574,0.004608565010130405,0.006238587666302919,0.01318359375,0.001599819865077734,0.002321384148672223,0.0033790296874940395,0.0032512585166841745,0.004398677032440901,0.005905815865844488
419,95,1620,a,28360,14180,0.004626887384802103,0.006255848798900843,0.005615234375,0.0015938646392896771,0.0023213832173496485,0.0032992083579301834,0.003245103172957897,0.00441879965364933,0.006020775530487299
420,95,1620,a,28640,14320,0.0047573186457157135,0.0066389827989041805,0.02294921875,0.0016020069597288966,0.0023213832173496485,0.0034882354084402323,0.0032552031334489584,0.004436491522938013,0.006142848636955023
421,95,1620,a,28808,14404,0.004515290725976229,0.006260850932449102,0.001953125,0.0015949718654155731,0.0023211264051496983,0.003949586767703295,0.0032452039886265993,0.004377142991870642,0.006640518084168434
422,95,1620,b,26382,29406,0.004884152207523584,0.006670087110251188,0.002197265625,0.001610855688340962,0.002321113832294941,0.004047694616019726,0.0032704691402614117,0.0044127642177045345,0.006930478382855654
423,95,1620,b,28830,30630,0.004558526445180178,0.006110953167080879,0.009521484375,0.001593874767422676,0.0023210945073515177,0.0034353870432823896,0.0032413583248853683,0.004395338241010904,0.005915663670748472
424,95,1620,b,26350,29390,0.00455612875521183,0.006110487971454859,0.002685546875,0.001608287333510816,0.0023210865911096334,0.003984552808105946,0.003265597391873598,0.004396851174533367,0.00693633034825325
425,95,1620,b,26958,29694,0.0045508723706007,0.006088202353566885,0.0146484375,0.001588354934938252,0.0023210598155856133,0.0033817128278315067,0.003231398994103074,0.004375620279461145,0.0059430100955069065
426,95,1620,a,28256,14128,0.004560434725135565,0.0061963507905602455,0.00927734375,0.0015871948562562466,0.002320769475772977,0.0036295473109930754,0.0032343713100999594,0.004418445751070976,0.006454437505453825
427,95,1620,b,26526,29478,0.004488018807023764,0.005975858774036169,0.014892578125,0.001582847791723907,0.002320727566257119,0.0032794231083244085,0.0032247710041701794,0.00441961083561182,0.005750591866672039
428,95,1620,b,28158,30294,0.00465227197855711,0.006254532840102911,0.029052734375,0.0015872326912358403,0.0023204556200653315,0.003231894923374057,0.0032317142467945814,0.0043958635069429874,0.005842717830091715
429,95,1620,a,26048,13024,0.0045942929573357105,0.006325759459286928,0.00439453125,0.0015865197638049722,0.002320375991985202,0.003593264613300562,0.0032326693180948496,0.004402779508382082,0.006223340518772602
430,95,1620,b,26030,29230,0.004793211817741394,0.006491929292678833,0.01708984375,0.0015890615759417415,0.0023202355951070786,0.0037625341210514307,0.0032331752590835094,0.004411543253809214,0.006517687346786261
431,95,1620,b,26894,29662,0.00450855353847146,0.006092471070587635,0.0029296875,0.001587258535437286,0.0023201655130833387,0.004675627686083317,0.003232067683711648,0.004392777103930712,0.007741901092231274
432,95,1620,b,27070,29750,0.004708198364824057,0.006400792393833399,0.010009765625,0.0015730943996459246,0.002320090774446726,0.003403741167858243,0.0032093615736812353,0.004401348065584898,0.006042198743671179
433,95,1620,a,28336,14168,0.004976332187652588,0.007007995154708624,0.010986328125,0.0015994181158021092,0.0023196619004011154,0.0032478768844157457,0.003253142349421978,0.004393028095364571,0.005783335771411657
434,95,1620,b,27894,30162,0.0043417224660515785,0.005756694357842207,0.0068359375,0.0015777747612446547,0.002319656778126955,0.0034466558136045933,0.0032170084305107594,0.004403306636959314,0.0060851238667964935
435,95,1620,a,28464,14232,0.004572761710733175,0.006180648226290941,0.00146484375,0.001600416493602097,0.0023195939138531685,0.003300656797364354,0.0032515963539481163,0.004433355759829283,0.005767870228737593
436,95,1620,a,26288,13144,0.004418632946908474,0.005948023404926062,0.008544921875,0.0015868819318711758,0.0023195778485387564,0.0032775565050542355,0.0032319677993655205,0.00438764039427042,0.005922457668930292
437,95,1620,b,28054,30242,0.0045147184282541275,0.006189839914441109,0.015380859375,0.0015908463392406702,0.002319488674402237,0.0037380342837423086,0.003238717559725046,0.004376242868602276,0.006548180244863033
438,95,1620,b,26726,29578,0.0046013579703867435,0.006176515482366085,0.008056640625,0.0016018919413909316,0.0023190954234451056,0.0032489565201103687,0.0032552157063037157,0.004380150698125362,0.005812915973365307
439,95,1620,a,28936,14468,0.004467074293643236,0.005987617187201977,0.006103515625,0.0015970784006640315,0.0023189960047602654,0.003839535405859351,0.0032466265838593245,0.004394482355564833,0.0065048495307564735
440,95,1620,b,26886,29658,0.004406390246003866,0.005911847110837698,0.00341796875,0.0015914940740913153,0.0023189724888652563,0.003755503799766302,0.0032380945049226284,0.004388723056763411,0.006395973265171051
441,95,1620,b,27430,29930,0.004512450657784939,0.0060730380937457085,0.02880859375,0.0015868695918470621,0.0023189231287688017,0.003308424726128578,0.003232911927625537,0.004411583300679922,0.005880639422684908
442,95,1620,a,27504,13752,0.004957025870680809,0.006880077067762613,0.0302734375,0.001609098631888628,0.002318725222721696,0.004040786065161228,0.003265631850808859,0.004405186045914888,0.006693568546324968
443,95,1620,b,29070,30750,0.0048073274083435535,0.006513725500553846,0.019287109375,0.0015914097893983126,0.002318606711924076,0.003583063604310155,0.003238141303882003,0.004379825200885534,0.006261130329221487
444,95,1620,b,27582,30006,0.004690695554018021,0.006741667166352272,0.027587890625,0.0015889565693214536,0.0023183957673609257,0.0039206501096487045,0.0032349165994673967,0.004380261059850454,0.0067942142486572266
445,95,1620,b,28742,30586,0.004430724307894707,0.005907757207751274,0.001953125,0.0015963298501446843,0.0023182604927569628,0.0034185678232461214,0.003245576051995158,0.0043665338307619095,0.006029060576111078
446,95,1620,b,27150,29790,0.004702238831669092,0.0063086082227528095,0.01806640625,0.0015992169501259923,0.0023181724827736616,0.003429640084505081,0.0032523314002901316,0.004414263181388378,0.006076444406062365
447,95,1620,a,28224,14112,0.004777871072292328,0.006637176964432001,0.009765625,0.0015931838424876332,0.00231813988648355,0.0035458619240671396,0.003241061931475997,0.004385907668620348,0.006268225144594908
448,95,1620,a,26672,13336,0.004718538373708725,0.006352519150823355,0.0009765625,0.0016026217490434647,0.002318102167919278,0.003491557901725173,0.003259534016251564,0.004377903416752815,0.006192036904394627
449,95,1620,b,26870,29650,0.004335257690399885,0.005739258602261543,0.013916015625,0.001591263571754098,0.002318047918379307,0.0037092259153723717,0.003238254925236106,0.0044082095846533775,0.00639714440330863
450,95,1620,a,28800,14400,0.004583254922181368,0.006126596592366695,0.00390625,0.0015943505568429828,0.0023180129937827587,0.003761586733162403,0.0032424642704427242,0.004441488068550825,0.0063900030218064785
451,95,1620,b,27950,30190,0.0044918907806277275,0.005986286327242851,0.0224609375,0.0015768248122185469,0.002317894482985139,0.0033713732846081257,0.003215489909052849,0.004405520390719175,0.005817027762532234
452,95,1620,b,28758,30594,0.004904185421764851,0.006655607372522354,0.021240234375,0.0016050144331529737,0.002317786915227771,0.00367768038995564,0.0032597871031612158,0.004395460244268179,0.006346529349684715
453,95,1620,a,27696,13848,0.004729634150862694,0.006448668427765369,0.004638671875,0.001599377254024148,0.0023175759706646204,0.0036659000907093287,0.003253001719713211,0.004410733934491873,0.006288543343544006
454,95,1620,b,28990,30710,0.004444079473614693,0.005985192954540253,0.00732421875,0.001595399808138609,0.002317344071343541,0.003023388795554638,0.0032463858369737864,0.004404820501804352,0.0055077821016311646
455,95,1620,a,28616,14308,0.004581251181662083,0.006332504563033581,0.00830078125,0.001594114233739674,0.0023172092624008656,0.0035201357677578926,0.0032426980324089527,0.0043892040848731995,0.006193956825882196
456,95,1620,b,27294,29862,0.004509872756898403,0.006102744489908218,0.02001953125,0.0015773521736264229,0.002317071659490466,0.003475786419585347,0.0032130861654877663,0.004384813830256462,0.006028427742421627
457,95,1620,b,26854,29642,0.004304324276745319,0.005679670255631208,0.01513671875,0.0015950624365359545,0.0023169799242168665,0.0031025283969938755,0.003243792802095413,0.004388108849525452,0.005493651609867811
458,95,1620,a,27752,13876,0.004495901521295309,0.005990017205476761,0.000244140625,0.0015913820825517178,0.0023167505860328674,0.003641404677182436,0.003239033045247197,0.004401312209665775,0.0063463058322668076
459,95,1620,a,28424,14212,0.004491873551160097,0.006162332370877266,0.0087890625,0.0015878025442361832,0.0023167431354522705,0.003720533801242709,0.003231555689126253,0.004382456187158823,0.0064773233607411385
460,95,1620,b,27918,30174,0.004429380875080824,0.0059376978315413,0.009033203125,0.0015811424236744642,0.002316406462341547,0.0036040577106177807,0.003223515348508954,0.004375731572508812,0.006275849416851997
461,95,1620,a,26464,13232,0.004599516745656729,0.006191300228238106,0.001953125,0.0015909334179013968,0.002316402504220605,0.003731020726263523,0.003237468656152487,0.004356239922344685,0.006326727103441954
462,95,1620,b,28790,30610,0.00484433863312006,0.0065407478250563145,0.01611328125,0.001611021813005209,0.0023160609416663647,0.003743064356967807,0.0032681883312761784,0.004393895156681538,0.006478097289800644
463,95,1620,b,26742,29586,0.004662018269300461,0.006460461765527725,0.008056640625,0.0015740683302283287,0.0023159640841186047,0.0031828745268285275,0.0032092940527945757,0.004384426400065422,0.005690529476851225
464,95,1620,b,26334,29382,0.004226545337587595,0.00568596925586462,0.01611328125,0.0015965028433129191,0.002315930789336562,0.0037267468869686127,0.0032470908481627703,0.004412874113768339,0.00665578618645668
465,95,1620,b,26222,29326,0.004677870776504278,0.006295517086982727,0.000244140625,0.0015897280536592007,0.002315424382686615,0.0031296340748667717,0.0032366467639803886,0.004390645306557417,0.005716209765523672
466,95,1620,b,26934,29682,0.004395333584398031,0.005936534143984318,0.012451171875,0.0015885746106505394,0.0023151759523898363,0.0034065318759530783,0.0032347594387829304,0.004377070348709822,0.006079795770347118
467,95,1620,b,28030,30230,0.004150004591792822,0.005594479851424694,0.0087890625,0.0015889651840552688,0.0023151247296482325,0.0033497486729174852,0.0032362693455070257,0.004397008568048477,0.0060060713440179825
468,95,1620,a,27232,13616,0.004442794714123011,0.006038310471922159,0.002685546875,0.0016075241146609187,0.0023149673361331224,0.004041684325784445,0.0032649689819663763,0.004406450781971216,0.006731352303177118
469,95,1620,a,28824,14412,0.004479557275772095,0.0063065639697015285,0.009033203125,0.0015892413211986423,0.0023143920116126537,0.0037850327789783478,0.003234448144212365,0.004417358431965113,0.006581071764230728
470,95,1620,a,28568,14284,0.004541544243693352,0.006091660354286432,0.007568359375,0.0016042945208027959,0.0023143456783145666,0.003764162305742502,0.0032602669671177864,0.004389985464513302,0.00644347257912159
471,95,1620,b,27334,29882,0.004195798188447952,0.005611575208604336,0.00830078125,0.0015776369255036116,0.0023142967838793993,0.003602877026423812,0.0032161595299839973,0.00439175870269537,0.006304027978330851
472,95,1620,b,27486,29958,0.004475518129765987,0.005901450756937265,0.005859375,0.0015806244919076562,0.002314272802323103,0.0033216518349945545,0.003221852006390691,0.004380493424832821,0.005966574419289827
473,95,1620,b,26558,29494,0.004720743745565414,0.0063032060861587524,0.014892578125,0.001584323588758707,0.002314225770533085,0.0033119902946054935,0.0032275100238621235,0.004391197580844164,0.005915050394833088
474,95,1620,a,26160,13080,0.0042237876914441586,0.005793382413685322,0.003662109375,0.0015803095884621143,0.002314186654984951,0.003579566953703761,0.0032220717985183,0.004389796871691942,0.006132578477263451
475,95,1620,a,27392,13696,0.004704974126070738,0.0062436871230602264,0.018310546875,0.0015966412611305714,0.0023141195997595787,0.0036902660503983498,0.0032508347649127245,0.004397794604301453,0.006348501890897751
476,95,1620,a,27400,13700,0.004712606314569712,0.006302979309111834,0.02099609375,0.0016050003468990326,0.0023140856064856052,0.003595400834456086,0.0032621941063553095,0.004386724904179573,0.00622337032109499
477,95,1620,b,27358,29894,0.0043723490089178085,0.0059202564880251884,0.0029296875,0.001594745204783976,0.0023140336852520704,0.003908712882548571,0.0032420794013887644,0.004397328943014145,0.006694420240819454
478,95,1620,b,28550,30490,0.004481224808841944,0.0059842742048203945,0.0224609375,0.001596106099896133,0.0023139421828091145,0.0038484949618577957,0.0032478843349963427,0.004389873705804348,0.0065376912243664265
479,95,1620,a,27776,13888,0.004534442443400621,0.006217643618583679,0.00634765625,0.0015896271215751767,0.0023137943353503942,0.0034751531202346087,0.0032363608479499817,0.0044020796194672585,0.006026971619576216
480,95,1620,b,27086,29758,0.004227540455758572,0.005522589199244976,0.00537109375,0.0015848646871745586,0.002313773613423109,0.003568674437701702,0.0032283267937600613,0.004369040485471487,0.006269210018217564
481,95,1620,b,26198,29314,0.004737853072583675,0.006430063862353563,0.00732421875,0.0015933046815916896,0.0023137303069233894,0.0037428713403642178,0.003243695478886366,0.004392129834741354,0.006427453830838203
482,95,1620,a,29112,14556,0.004619278945028782,0.006196292117238045,0.01123046875,0.0016039193142205477,0.0023135547526180744,0.003550396766513586,0.0032582562416791916,0.004375722259283066,0.006021993234753609
483,95,1620,a,27704,13852,0.004501901101320982,0.006281964480876923,0.0068359375,0.0016019935719668865,0.0023133456707000732,0.003367411205545068,0.00325786997564137,0.004401822574436665,0.005852264352142811
484,95,1620,b,27254,29842,0.004548597615212202,0.00602622888982296,0.01025390625,0.0015822419663891196,0.0023133400827646255,0.003329229075461626,0.0032230450306087732,0.004363609943538904,0.0058911507949233055
485,95,1620,b,26126,29278,0.0047364807687699795,0.006388622801750898,0.0048828125,0.0016033448046073318,0.0023133126087486744,0.0038784665521234274,0.003258343320339918,0.004391522146761417,0.006649952847510576
486,95,1620,b,27542,29986,0.004501190036535263,0.0059754615649580956,0.0166015625,0.0015967333456501365,0.002313128672540188,0.0033854462672024965,0.0032488075084984303,0.004402246791869402,0.006054173223674297
487,95,1620,b,28870,30650,0.004660883452743292,0.006299418862909079,0.00830078125,0.0016084837261587381,0.002312802243977785,0.0036281945649534464,0.00326531077735126,0.004386925138533115,0.0063724699430167675
488,95,1620,b,28590,30510,0.004625597968697548,0.006323300302028656,0.01513671875,0.0015965147176757455,0.002312759170308709,0.0036761437077075243,0.0032463190145790577,0.004387316759675741,0.006271510850638151
489,95,1620,a,28976,14488,0.005023726727813482,0.006918387021869421,0.019775390625,0.0015900068683549762,0.002312688622623682,0.0034888284280896187,0.0032358833122998476,0.004382163751870394,0.00615763058885932
490,95,1620,b,27142,29786,0.004323612432926893,0.005745417438447475,0.009033203125,0.0015886573819443583,0.002312571508809924,0.003269338048994541,0.0032352455891668797,0.004385240841656923,0.005855318158864975
491,95,1620,b,26510,29470,0.004446234088391066,0.006006244570016861,0.00341796875,0.0015848592156544328,0.002312570810317993,0.003476247191429138,0.0032285687047988176,0.0043877726420760155,0.006290480960160494
492,95,1620,a,28624,14312,0.004444393329322338,0.006243005860596895,0.009033203125,0.001593773253262043,0.0023125179577618837,0.0033186899963766336,0.0032413718290627003,0.004373595118522644,0.005894084926694632
493,95,1620,b,28854,30642,0.004528710152953863,0.0060277581214904785,0.010009765625,0.0016004311619326472,0.0023124811705201864,0.003261650912463665,0.0032509658485651016,0.004403967875987291,0.005771484691649675
494,95,1620,b,26918,29674,0.00427564512938261,0.005721457302570343,0.005126953125,0.0015872155781835318,0.0023123545106500387,0.00388222374022007,0.003231135429814458,0.004384987056255341,0.006532268598675728
495,95,1620,a,27760,13880,0.004435759503394365,0.006218873430043459,0.003173828125,0.0015900115249678493,0.0023122585844248533,0.0038354413118213415,0.0032368400134146214,0.004380892962217331,0.006748192477971315
496,95,1620,a,26696,13348,0.004800828639417887,0.006452806759625673,0.001953125,0.0016048811376094818,0.0023122038692235947,0.0035930206067860126,0.003262339858338237,0.00438406178727746,0.006342586595565081
497,95,1620,b,29198,30814,0.004239252768456936,0.005670445971190929,0.000244140625,0.0015888287452980876,0.0023120513651520014,0.0035246117040514946,0.003236055374145508,0.00438019260764122,0.0063922167755663395
498,95,1620,b,27110,29770,0.004428328480571508,0.005892461631447077,0.00341796875,0.0015850199852138758,0.0023119153920561075,0.003277583047747612,0.0032284290064126253,0.0043719313107430935,0.005835141055285931
499,95,1620,a,28864,14432,0.004324446897953749,0.005792743526399136,0.000732421875,0.0015793413622304797,0.002311909571290016,0.0036550394725054502,0.0032158084213733673,0.004376132041215897,0.006452538073062897
500,95,1620,b,27390,29910,0.004305773414671421,0.005906641948968172,0.022705078125,0.0015804567374289036,0.0023118318058550358,0.003930315840989351,0.003218921134248376,0.004374622367322445,0.0068319207057356834
501,95,1620,a,27672,13836,0.004789829254150391,0.006604340393096209,0.00634765625,0.0016026061493903399,0.002311824355274439,0.003974329214543104,0.0032590071205049753,0.0043907565996050835,0.0067752087488770485
502,95,1620,a,27576,13788,0.004553791601210833,0.006064868997782469,0.011962890625,0.0015931868692860007,0.0023117961827665567,0.0036682337522506714,0.0032416312023997307,0.0043752058409154415,0.006464358419179916
503,95,1620,a,28632,14316,0.004320641979575157,0.005793510936200619,0.009033203125,0.0015916050178930163,0.0023117316886782646,0.003402640111744404,0.0032364032231271267,0.004363172221928835,0.0060237133875489235
504,95,1620,b,26358,29394,0.004722608719021082,0.006349443923681974,0.002685546875,0.0015951558016240597,0.002311594784259796,0.0036917615216225386,0.003245366271585226,0.004373065661638975,0.0064707486890256405
505,95,1620,b,28686,30558,0.004521721508353949,0.006063796579837799,0.03759765625,0.0015846964670345187,0.002311527030542493,0.003601104486733675,0.0032248732168227434,0.0043836613185703754,0.006416009273380041
506,95,1620,b,27822,30126,0.004459658171981573,0.0061012026853859425,0.00341796875,0.0015865362947806716,0.0023114618379622698,0.003305599093437195,0.0032306485809385777,0.004383379127830267,0.00595131516456604
507,95,1620,a,28760,14380,0.004251696169376373,0.005722390953451395,0.009765625,0.0015828321920707822,0.002311179181560874,0.003480908926576376,0.003223145380616188,0.00440087029710412,0.005999608896672726
508,95,1620,a,27440,13720,0.0045672194100916386,0.006173314992338419,0.0078125,0.001594745321199298,0.0023111230693757534,0.0034685228019952774,0.003244522027671337,0.00439911475405097,0.006233452819287777
509,95,1620,a,27008,13504,0.004501293879002333,0.0060867429710924625,0.015625,0.0015826562885195017,0.002310976153239608,0.003949831239879131,0.003227844601497054,0.004355591721832752,0.006802336312830448
510,95,1620,a,27464,13732,0.0046425736509263515,0.006258889567106962,0.013916015625,0.00160209892783314,0.002310915617272258,0.003435100195929408,0.0032551048789173365,0.004373109433799982,0.006129439454525709
511,95,1620,b,28750,30590,0.004664269741624594,0.006368661765009165,0.011474609375,0.0015992826083675027,0.0023107468150556087,0.003326848614960909,0.003249173518270254,0.004364114720374346,0.005860470235347748
512,95,1620,a,26056,13028,0.004734294954687357,0.006449402775615454,0.005615234375,0.001596963731572032,0.002310635754838586,0.003531181253492832,0.0032496664207428694,0.004381454084068537,0.0060929846949875355
513,95,1620,a,26520,13260,0.004420070443302393,0.006009253673255444,0.004150390625,0.0015851791249588132,0.00231059524230659,0.003328948747366667,0.003229949390515685,0.004356327932327986,0.005760558415204287
514,95,1620,a,27256,13628,0.004378536716103554,0.006127362605184317,0.001220703125,0.0016039008041843772,0.0023105861619114876,0.0035872117150574923,0.003257553791627288,0.004388377536088228,0.006254581734538078
515,95,1620,b,27742,30086,0.004527165554463863,0.006318722385913134,0.00830078125,0.0015856556128710508,0.0023105470463633537,0.003643130650743842,0.0032298907171934843,0.0043654609471559525,0.006354006007313728
516,95,1620,b,26694,29562,0.004884970374405384,0.006757231894880533,0.008544921875,0.0015899919671937823,0.0023104618303477764,0.003327661193907261,0.003236207878217101,0.00439305417239666,0.005862637422978878
517,95,1620,a,26272,13136,0.004492600914090872,0.0060692946426570415,0.001708984375,0.001594080589711666,0.0023103663697838783,0.003363286145031452,0.003245075000450015,0.004391706548631191,0.005991791840642691
518,95,1620,a,28192,14096,0.004792379215359688,0.0068613323383033276,0.017578125,0.0015941818710416555,0.0023102539125829935,0.0034949530381709337,0.003245064988732338,0.004378434736281633,0.006199331022799015
519,95,1620,b,28918,30674,0.004254309460520744,0.0056616272777318954,0.000244140625,0.0015922696329653263,0.002309878822416067,0.0032162736169993877,0.0032429033890366554,0.004400006495416164,0.005791459698230028
520,95,1620,a,26640,13320,0.004632612690329552,0.006248882040381432,0.001708984375,0.0015904834726825356,0.0023098422680050135,0.003683679737150669,0.003238330129534006,0.004397761542350054,0.006327795796096325
521,95,1620,a,28472,14236,0.0045024375431239605,0.00609928835183382,0.01025390625,0.0015919473953545094,0.002309283707290888,0.003293387359008193,0.0032387881074100733,0.004332717973738909,0.0059130690060555935
522,95,1620,a,26968,13484,0.004420005716383457,0.00580071983858943,0.000244140625,0.0015904089668765664,0.0023092315532267094,0.003773318836465478,0.0032371184788644314,0.004369623959064484,0.006570138037204742
523,95,1620,b,28118,30274,0.004440057557076216,0.005922090727835894,0.002197265625,0.001578157301992178,0.002309225033968687,0.003552040783688426,0.003218415193259716,0.004377068020403385,0.00627235509455204
524,95,1620,a,26472,13236,0.004574351012706757,0.006078832782804966,0.006591796875,0.001585444901138544,0.002308955881744623,0.0034860612358897924,0.003228171030059457,0.004369921516627073,0.006071492563933134
525,95,1620,b,27134,29782,0.004573063924908638,0.006003962829709053,0.013427734375,0.0015824597794562578,0.0023089100141078234,0.0036157090216875076,0.0032234909012913704,0.004400487057864666,0.006427921820431948
526,95,1620,b,27590,30010,0.004442538134753704,0.006351054180413485,0.01904296875,0.0015800987603142858,0.0023088206071406603,0.003727914532646537,0.003220135113224387,0.004387404303997755,0.006489654071629047
527,95,1620,a,26400,13200,0.004429263062775135,0.005850540474057198,0.001220703125,0.0015916182892397046,0.0023087458685040474,0.0031077435705810785,0.0032409171108156443,0.004383296240121126,0.005646153353154659
528,95,1620,a,26552,13276,0.004707356449216604,0.006320947781205177,0.002197265625,0.0015881401486694813,0.002308731200173497,0.0034142443910241127,0.0032359526958316565,0.004369938746094704,0.006130906753242016
529,95,1620,a,28856,14428,0.0047051082365214825,0.00665512727573514,0.002685546875,0.0015916199190542102,0.00230867019854486,0.003387601813301444,0.003237189957872033,0.00434446893632412,0.006043034140020609
530,95,1620,a,26664,13332,0.004786388017237186,0.0065579647198319435,0.005126953125,0.0015927145723253489,0.002308570547029376,0.003615363733842969,0.0032405476085841656,0.004381041508167982,0.006413860246539116
531,95,1620,b,28566,30498,0.0047103725373744965,0.006500190123915672,0.032470703125,0.0015902016311883926,0.0023084073327481747,0.0034518076572567225,0.0032379792537540197,0.004395718686282635,0.00610947934910655
532,95,1620,b,29182,30806,0.004427310079336166,0.006003635935485363,0.0029296875,0.0015902837039902806,0.0023082776460796595,0.0035196044482290745,0.003237225115299225,0.004363157320767641,0.006240299437195063
533,95,1620,a,28456,14228,0.004484676755964756,0.006063040811568499,0.0029296875,0.0015984383644536138,0.002308252966031432,0.00407596817240119,0.00324868131428957,0.0043874881230294704,0.006935210898518562
534,95,1620,a,29000,14500,0.004807047080248594,0.00673309899866581,0.0009765625,0.0016016020672395825,0.00230802153237164,0.0035846626851707697,0.003256021300330758,0.0044029513373970985,0.006330942735075951
535,95,1620,b,28862,30646,0.004411473870277405,0.0058790650218725204,0.005126953125,0.001588635379448533,0.0023079379461705685,0.0033033560030162334,0.0032332842238247395,0.004391076974570751,0.005838499870151281
536,95,1620,b,27374,29902,0.004459064919501543,0.005859141703695059,0.019775390625,0.0015808489406481385,0.002307718154042959,0.003972531296312809,0.0032197849359363317,0.004369539674371481,0.00671467836946249
537,95,1620,a,25960,12980,0.004592954646795988,0.006087435409426689,0.016357421875,0.001600330462679267,0.002307669958099723,0.0037600742653012276,0.003254723036661744,0.0044015743769705296,0.006585945375263691
538,95,1620,b,28086,30258,0.004383540712296963,0.005971736274659634,0.009521484375,0.001581342425197363,0.002307652495801449,0.003961564972996712,0.0032231907825917006,0.004361301194876432,0.006807963363826275
539,95,1620,b,29214,30822,0.004178063943982124,0.00552069116383791,0.008544921875,0.0015858678380027413,0.002307512331753969,0.0037722252309322357,0.0032292138785123825,0.004387459717690945,0.006596188526600599
540,95,1620,b,26494,29462,0.0043141539208590984,0.00596661539748311,0.00341796875,0.0015815460355952382,0.0023073877673596144,0.003587538842111826,0.003223680891096592,0.004397583659738302,0.00623659323900938
541,95,1620,b,26366,29398,0.004655289929360151,0.006280054803937674,0.01220703125,0.0016005979850888252,0.0023072592448443174,0.0042659202590584755,0.0032542056869715452,0.0043668001890182495,0.0070546348579227924
542,95,1620,b,28902,30666,0.004367516376078129,0.005883798468858004,0.0029296875,0.0015794069040566683,0.00230724667198956,0.003289617598056793,0.003217557445168495,0.004403447732329369,0.005911888089030981
543,95,1620,a,27768,13884,0.004894792102277279,0.006701397243887186,0.001220703125,0.0015930392546579242,0.0023071453906595707,0.0037635790649801493,0.003240349004045129,0.004366331733763218,0.006651983130723238
544,95,1620,a,27624,13812,0.004637355916202068,0.006298300344496965,0.01025390625,0.0015952885150909424,0.0023071207106113434,0.00341829564422369,0.0032448298297822475,0.004383654799312353,0.005938889924436808
545,95,1620,b,27270,29850,0.004280364606529474,0.005747275892645121,0.009033203125,0.0015638928161934018,0.0023068974260240793,0.0032150077167898417,0.003194620367139578,0.004374871030449867,0.005840314086526632
546,95,1620,b,28062,30246,0.004375492688268423,0.005905623082071543,0.01904296875,0.0015797201776877046,0.002306648064404726,0.0038962308317422867,0.0032189462799578905,0.004373342730104923,0.006498510483652353
547,95,1620,a,26976,13488,0.004600133281201124,0.006262726616114378,0.00048828125,0.001597219961695373,0.0023065763525664806,0.003765507834032178,0.003249904839321971,0.004379693418741226,0.00658122543245554
548,95,1620,b,26926,29678,0.004392427857965231,0.005865043960511684,0.006103515625,0.001594480243511498,0.0023061572574079037,0.004376196302473545,0.0032432114239782095,0.004404174629598856,0.007376981899142265
549,95,1620,a,27816,13908,0.004308678675442934,0.0057301754131913185,0.015869140625,0.0015846219612285495,0.0023060631938278675,0.0034315004013478756,0.0032284376211464405,0.004357828758656979,0.006161116994917393
550,95,1620,b,26166,29298,0.004805353935807943,0.00660288380458951,0.007080078125,0.0015886734472587705,0.002305753994733095,0.0032165388111025095,0.00323674688115716,0.0043838066048920155,0.005686081945896149
551,95,1620,a,26488,13244,0.004724754951894283,0.006429199129343033,0.00048828125,0.0015932355308905244,0.002305711153894663,0.0031937803141772747,0.003242683596909046,0.004381519742310047,0.005620123818516731
552,95,1620,a,28376,14188,0.0046593984588980675,0.006308726966381073,0.005126953125,0.001596217742189765,0.002305521396920085,0.003496081568300724,0.0032479604706168175,0.004390527494251728,0.006228119134902954
553,95,1620,b,27614,30022,0.00460138451308012,0.0063021741807460785,0.01220703125,0.001572795445099473,0.002305467613041401,0.0038032899610698223,0.0032085764687508345,0.004358907695859671,0.006448371335864067
554,95,1620,a,28888,14444,0.0043554119765758514,0.0060138520784676075,0.0,0.0015791889745742083,0.0023054485209286213,0.0034691651817411184,0.0032176130916923285,0.004354471806436777,0.005991599056869745
555,95,1620,b,28838,30634,0.004571497905999422,0.0060984487645328045,0.015869140625,0.0015843616565689445,0.0023053630720824003,0.0032459201756864786,0.0032246808987110853,0.004377683158963919,0.005695566534996033
556,95,1620,b,27454,29942,0.004556848201900721,0.006369725801050663,0.016357421875,0.0015937217976897955,0.002305283211171627,0.0031839334405958652,0.003242993028834462,0.0043328856118023396,0.005639893002808094
557,95,1620,b,26574,29502,0.004318481311202049,0.005770713556557894,0.00537109375,0.0015858623664826155,0.002305148635059595,0.003522219369187951,0.003229644615203142,0.004411195870488882,0.006267608609050512
558,95,1620,b,26686,29558,0.004721980541944504,0.006496358662843704,0.00244140625,0.0015947520732879639,0.002305128611624241,0.003469083458185196,0.003244025632739067,0.004372380208224058,0.006115368101745844
559,95,1620,b,29158,30794,0.004345586523413658,0.005869952030479908,0.01025390625,0.001589655876159668,0.0023050361778587103,0.0035167792811989784,0.003235899144783616,0.004365192260593176,0.006154524628072977
560,95,1620,b,28958,30694,0.004816263448446989,0.006510435603559017,0.009033203125,0.001590114552527666,0.0023047826252877712,0.0033460466656833887,0.003236806485801935,0.004375819116830826,0.00581173412501812
561,95,1620,a,27424,13712,0.004689155146479607,0.006399108096957207,0.001220703125,0.0015911465743556619,0.002304780762642622,0.00410671578720212,0.0032386945094913244,0.0043890587985515594,0.007043746765702963
562,95,1620,b,26790,29610,0.004662651102989912,0.006331229116767645,0.002685546875,0.001601937459781766,0.0023045497946441174,0.0034776388201862574,0.00325321895070374,0.00441833445802331,0.006079733371734619
563,95,1620,a,28448,14224,0.0047447895631194115,0.006554066203534603,0.002685546875,0.0015937699936330318,0.002304460620507598,0.003712829202413559,0.0032409881241619587,0.004388138186186552,0.006433185189962387
564,95,1620,b,27014,29722,0.0046046338975429535,0.006283935625106096,0.013916015625,0.0015906528569757938,0.002304420340806246,0.0036462906282395124,0.003237455151975155,0.004387263208627701,0.006290047895163298
565,95,1620,b,26606,29518,0.004862521775066853,0.0064999740570783615,0.0,0.0015911920927464962,0.0023043854162096977,0.0038883769884705544,0.003235471434891224,0.004361429251730442,0.006590406410396099
566,95,1620,b,27118,29774,0.004514811094850302,0.006083135958760977,0.0,0.001587839680723846,0.002304318593814969,0.003657222492620349,0.0032341289333999157,0.004368801135569811,0.006333716679364443
567,95,1620,b,28846,30638,0.004811650142073631,0.006470789667218924,0.0166015625,0.0016108410200104117,0.0023042524699121714,0.003358993213623762,0.0032685601618140936,0.0043853530660271645,0.005894700530916452
568,95,1620,b,27078,29754,0.004402375314384699,0.00584479421377182,0.000244140625,0.0015843986766412854,0.0023041400127112865,0.003401929745450616,0.0032270157244056463,0.004372553434222937,0.005979518871754408
569,95,1620,a,26720,13360,0.004583272617310286,0.006130461115390062,0.0048828125,0.0015758968656882644,0.0023039120715111494,0.0037193840835243464,0.003214204451069236,0.004348563030362129,0.006610115058720112
570,95,1620,b,28542,30486,0.004673192277550697,0.006296262610703707,0.025390625,0.0015916678821668029,0.0023038771469146013,0.003722977126017213,0.003238907316699624,0.004361539147794247,0.006396891083568335
571,95,1620,b,26766,29598,0.004647976718842983,0.006445259787142277,0.0009765625,0.0015919964062049985,0.002303857821971178,0.003206198802217841,0.003240239340811968,0.004362941719591618,0.005733031779527664
572,95,1620,a,26216,13108,0.004650295712053776,0.006316761951893568,0.014404296875,0.0015837948303669691,0.0023035171907395124,0.0034213506150990725,0.003226814093068242,0.0044053965248167515,0.006122593302279711
573,95,1620,a,29176,14588,0.004495146684348583,0.005950199905782938,0.0048828125,0.0016029167454689741,0.002303436864167452,0.00419629318639636,0.003260329132899642,0.004365480504930019,0.007022693287581205
574,95,1620,b,29086,30758,0.004287710413336754,0.005975528620183468,0.00146484375,0.0015735652996227145,0.0023034343030303717,0.0037989672273397446,0.0032073697075247765,0.004351985640823841,0.0065597230568528175
575,95,1620,a,28440,14220,0.004371876362711191,0.006012640427798033,0.007568359375,0.0015986005309969187,0.0023032627068459988,0.0037341623101383448,0.0032488869037479162,0.004368462134152651,0.006587231997400522
576,95,1620,b,28486,30458,0.00454021105542779,0.006137890741229057,0.02099609375,0.0015886494657024741,0.002302476903423667,0.0036825048737227917,0.0032354448921978474,0.0043719918467104435,0.006407230161130428
577,95,1620,a,28416,14208,0.004354151897132397,0.005805299151688814,0.01416015625,0.0015968515072017908,0.0023023157846182585,0.0040121073834598064,0.0032475425396114588,0.004387534689158201,0.006868892814964056
578,95,1620,a,26392,13196,0.004599159117788076,0.006184054538607597,0.003173828125,0.0015937641728669405,0.002302147913724184,0.0033553738612681627,0.0032445662654936314,0.0043555740267038345,0.005978001281619072
579,95,1620,b,28630,30530,0.004588462878018618,0.006240971386432648,0.01806640625,0.0015978362644091249,0.002301962813362479,0.0038361072074621916,0.0032483187969774008,0.0043594748713076115,0.006726414430886507
580,95,1620,b,27686,30058,0.004591865465044975,0.006241553463041782,0.011474609375,0.0015788336750119925,0.002301821717992425,0.002998457057401538,0.0032188708428293467,0.004354966804385185,0.005387572105973959
581,95,1620,b,27910,30170,0.004425634164363146,0.0060538919642567635,0.00244140625,0.001581320888362825,0.0023013765458017588,0.0031153946183621883,0.0032241246663033962,0.004389732610434294,0.005654637701809406
582,95,1620,b,28878,30654,0.004361070692539215,0.0059207710437476635,0.0009765625,0.0015802979469299316,0.002301274100318551,0.0031810111831873655,0.0032198363915085793,0.004362865351140499,0.00574067234992981
583,95,1620,a,26264,13132,0.004684941843152046,0.006281793117523193,0.00390625,0.001586782280355692,0.0023012172896414995,0.003560959827154875,0.003231026465073228,0.004367975518107414,0.006118358112871647
584,95,1620,a,26512,13256,0.0045622410252690315,0.006168631371110678,0.001708984375,0.0015888208290562034,0.002300877124071121,0.003586823819205165,0.0032348374370485544,0.004336502868682146,0.006405807100236416
585,95,1620,a,28832,14416,0.004502793774008751,0.005983712617307901,0.00830078125,0.001588607905432582,0.002300848951563239,0.0035974844358861446,0.0032320600003004074,0.004376968834549189,0.006239960435777903
586,95,1620,b,28358,30394,0.004257216118276119,0.005695227533578873,0.004150390625,0.001581079326570034,0.0023005763068795204,0.003240827936679125,0.003224761690944433,0.004404012113809586,0.005803276319056749
587,95,1620,a,28816,14408,0.004550294019281864,0.006103920750319958,0.007080078125,0.0015738133806735277,0.002300469670444727,0.0034753356594592333,0.0032089657615870237,0.004356046672910452,0.006255685351788998
588,95,1620,b,27478,29954,0.004504480864852667,0.006199611350893974,0.01220703125,0.001592658692970872,0.0023004428949207067,0.0037133521400392056,0.003240457968786359,0.004408997017890215,0.006360684055835009
589,95,1620,a,26800,13400,0.004313608631491661,0.005772790871560574,0.004638671875,0.0015932237729430199,0.002299969783052802,0.0034096287563443184,0.0032412989530712366,0.004388455301523209,0.006174208130687475
590,95,1620,b,27350,29890,0.004436340183019638,0.005955378524959087,0.005126953125,0.0015777286607772112,0.0022996501065790653,0.003561795921996236,0.003214779542759061,0.004372991621494293,0.006202788557857275
591,95,1620,a,27240,13620,0.004356883931905031,0.005995592102408409,0.003662109375,0.0015924545004963875,0.0022996317129582167,0.003502066247165203,0.0032405101228505373,0.0043651033192873,0.00623652758076787
592,95,1620,b,28214,30322,0.004450294189155102,0.00604294566437602,0.01513671875,0.001576179638504982,0.0022994903847575188,0.0031252738554030657,0.003212831448763609,0.0043436698615550995,0.005547510460019112
593,95,1620,b,27958,30194,0.004559587687253952,0.006097078323364258,0.029052734375,0.0015644480008631945,0.0022993050515651703,0.003969413228332996,0.0031940920744091272,0.0043694255873560905,0.006713972892612219
594,95,1620,a,26416,13208,0.004480164498090744,0.006081757601350546,0.011474609375,0.0015939170261844993,0.0022990384604781866,0.0031436108984053135,0.0032441013026982546,0.004360339138656855,0.005562175530940294
595,95,1620,b,26566,29498,0.004380781669169664,0.0058953892439603806,0.00146484375,0.0015849623596295714,0.00229896348901093,0.0035135899670422077,0.003227838547900319,0.00435795309022069,0.00610136054456234
596,95,1620,a,27120,13560,0.00441674143075943,0.005905830767005682,0.005859375,0.0015955355484038591,0.002298857318237424,0.00339168356731534,0.0032455187756568193,0.00438100378960371,0.005991265177726746
597,95,1620,b,26598,29514,0.004825520794838667,0.006682467646896839,0.001953125,0.0015892997616901994,0.002298705978319049,0.003932079765945673,0.003234419971704483,0.00434355903416872,0.006908231880515814
598,95,1620,a,29184,14592,0.004728723783046007,0.006393398158252239,0.007080078125,0.0015952794346958399,0.002298480598255992,0.003453820711001754,0.0032464603427797556,0.004361251834779978,0.006086884532123804
599,95,1620,a,26088,13044,0.0045819659717381,0.006186631508171558,0.00146484375,0.001592085463926196,0.002298391191288829,0.003537520067766309,0.0032404211815446615,0.004375015385448933,0.006170812528580427
600,95,1620,a,26688,13344,0.004540813621133566,0.006058106664568186,0.012451171875,0.0015951036475598812,0.0022982798982411623,0.0034334338270127773,0.0032444887328892946,0.0043802810832858086,0.0060472008772194386
601,95,1620,b,28950,30690,0.004455915652215481,0.006023020949214697,0.00341796875,0.0015831318451091647,0.0022982533555477858,0.0034406306222081184,0.0032281239982694387,0.004394844174385071,0.006033739540725946
602,95,1620,b,28190,30310,0.004422278143465519,0.00601395545527339,0.002685546875,0.001584511366672814,0.00229799491353333,0.0030313727911561728,0.003226121421903372,0.004382021259516478,0.005453239195048809
603,95,1620,a,26768,13384,0.004515895154327154,0.0060613942332565784,0.007568359375,0.001588039449416101,0.0022979723289608955,0.003527209861204028,0.0032316057477146387,0.004344831686466932,0.0063056680373847485
604,95,1620,b,28806,30618,0.0045356047339737415,0.006124421488493681,0.015380859375,0.0015856241807341576,0.002297791186720133,0.0033904463052749634,0.0032275717239826918,0.004364635795354843,0.005961101967841387
605,95,1620,a,26336,13168,0.004702298436313868,0.006420672871172428,0.00390625,0.0015992826083675027,0.0022977127227932215,0.0032653838861733675,0.003252794500440359,0.004368561785668135,0.005887161940336227
606,95,1620,b,27966,30198,0.004483805038034916,0.006013626232743263,0.016845703125,0.0015806170413270593,0.002297705505043268,0.0034564598463475704,0.0032222748268395662,0.004380070138722658,0.00601207185536623
607,95,1620,b,29174,30802,0.004527992103248835,0.005992792546749115,0.009033203125,0.0015857889084145427,0.0022975148167461157,0.003482963191345334,0.0032311496324837208,0.004355846904218197,0.006200328003615141
608,95,1620,b,27846,30138,0.004350782372057438,0.005919848568737507,0.005615234375,0.0015942034078761935,0.0022973783779889345,0.0035300254821777344,0.003242974169552326,0.004385897424072027,0.006190563552081585
609,95,1620,b,28222,30326,0.004432201385498047,0.006002637092024088,0.015380859375,0.0015791007317602634,0.0022972291335463524,0.0031665985006839037,0.0032178587280213833,0.004363358952105045,0.005669511388987303
610,95,1620,b,27998,30214,0.004330797586590052,0.005774551071226597,0.0,0.001564953476190567,0.0022970938589423895,0.00310182711109519,0.003196418983861804,0.004326682537794113,0.005625015590339899
611,95,1620,b,28262,30346,0.0044453758746385574,0.00598675012588501,0.009765625,0.0015732026658952236,0.0022969061974436045,0.0033861075062304735,0.0032116409856826067,0.004379298537969589,0.00596741633489728
612,95,1620,b,28198,30314,0.004270106554031372,0.005754989106208086,0.003173828125,0.0015845438465476036,0.0022968885023146868,0.003432531375437975,0.003226739354431629,0.004348853603005409,0.0060758874751627445
613,95,1620,b,28598,30514,0.0044536292552948,0.005919615738093853,0.006591796875,0.0015822909772396088,0.0022968677803874016,0.003336656838655472,0.0032233973033726215,0.0043531120754778385,0.00590271083638072
614,95,1620,b,28326,30378,0.004543008748441935,0.006145861465483904,0.012939453125,0.001566331833600998,0.0022968673147261143,0.003254030831158161,0.0031996015459299088,0.004350053612142801,0.005717227701097727
615,95,1620,a,26208,13104,0.004699879791587591,0.006409016903489828,0.014404296875,0.0015703443204984069,0.0022968309931457043,0.003266392508521676,0.003204141743481159,0.004369710572063923,0.005863506346940994
616,95,1620,b,28670,30550,0.004499507136642933,0.006059236358851194,0.02294921875,0.0015941339079290628,0.002296527149155736,0.0036881009582430124,0.0032424821984022856,0.0043495092540979385,0.00634312117472291
617,95,1620,b,28302,30366,0.004718075506389141,0.00646619638428092,0.0146484375,0.0015698506031185389,0.0022965241223573685,0.003603128483518958,0.003203105414286256,0.004353046882897615,0.006388321053236723
618,95,1620,b,27198,29814,0.004347803071141243,0.005757811479270458,0.01171875,0.0015773203922435641,0.0022964344825595617,0.003411430399864912,0.003215030999854207,0.004404311068356037,0.006046231370419264
619,95,1620,b,26398,29414,0.004681221209466457,0.00631907070055604,0.001953125,0.0015921700978651643,0.0022962880320847034,0.0035472072195261717,0.003240180667489767,0.004365823231637478,0.006081249099224806
620,95,1620,b,26102,29266,0.0047265300527215,0.006296344101428986,0.0078125,0.0016065140953287482,0.0022962605580687523,0.004079677630215883,0.003264320082962513,0.004392382688820362,0.0068682711571455
621,95,1620,b,26390,29410,0.004838921595364809,0.006527782417833805,0.011962890625,0.0016008917009457946,0.0022962219081819057,0.003783284919336438,0.0032546587754040956,0.004356165416538715,0.006686686538159847
622,95,1620,b,28502,30466,0.004666379652917385,0.006354537792503834,0.027587890625,0.0015836862148717046,0.0022962104994803667,0.0035785436630249023,0.0032262669410556555,0.004349851049482822,0.006249554920941591
623,95,1620,a,28648,14324,0.00431556161493063,0.005845068953931332,0.015625,0.0015863415319472551,0.0022956449538469315,0.003281405195593834,0.0032284853514283895,0.0043809618800878525,0.005882643163204193
624,95,1620,b,26062,29246,0.004808672238141298,0.006443592254072428,0.001953125,0.0016007237136363983,0.002295541111379862,0.0031564652454108,0.0032527539879083633,0.004375760443508625,0.005709757562726736
625,95,1620,b,27838,30134,0.004698918201029301,0.006325350143015385,0.00634765625,0.0015881041763350368,0.0022954894229769707,0.003446257207542658,0.003234523581340909,0.004353663884103298,0.006114810239523649
626,95,1620,b,27646,30038,0.004516858607530594,0.006080734543502331,0.013427734375,0.0015703219687566161,0.0022948025725781918,0.0031751126516610384,0.003203308442607522,0.00436047837138176,0.005543708801269531
627,95,1620,b,26966,29698,0.004836037755012512,0.006499412003904581,0.020263671875,0.0015911129303276539,0.0022947248071432114,0.003492245450615883,0.00323821185156703,0.004359712358564138,0.006177430972456932
628,95,1620,b,26798,29614,0.00470251077786088,0.006469769403338432,0.006103515625,0.0015942699974402785,0.0022944945376366377,0.0029903193935751915,0.003243151120841503,0.0043746354058384895,0.005384490359574556
629,95,1620,b,28470,30450,0.004526522476226091,0.0060030799359083176,0.00537109375,0.0015886869514361024,0.0022944812662899494,0.0033111772499978542,0.0032359047327190638,0.004370859824120998,0.005934183951467276
630,95,1620,b,27550,29990,0.004576880019158125,0.00624199490994215,0.017333984375,0.0015871452633291483,0.002294365083798766,0.003274052171036601,0.0032322125043720007,0.004388055298477411,0.005855750758200884
631,95,1620,b,27774,30102,0.004572025500237942,0.006375877186655998,0.000732421875,0.0015760674141347408,0.0022942509967833757,0.0033670873381197453,0.003215631004422903,0.004335023928433657,0.005947088822722435
632,95,1620,b,27670,30050,0.004176605027168989,0.005659122485667467,0.013671875,0.0015653775772079825,0.0022940021008253098,0.0037024703342467546,0.003196483012288809,0.004337347578257322,0.0061038886196911335
633,95,1620,b,28606,30518,0.004489165265113115,0.006067507900297642,0.002685546875,0.0015859995037317276,0.0022938475012779236,0.002986722392961383,0.003229126101359725,0.004345782101154327,0.0055009471252560616
634,95,1620,b,28022,30226,0.004144447389990091,0.005502736195921898,0.00634765625,0.0015734836924821138,0.002293817698955536,0.0033032388892024755,0.0032085233833640814,0.004312094766646624,0.005860315635800362
635,95,1620,b,27806,30118,0.004271313548088074,0.005827874410897493,0.011962890625,0.0015768250450491905,0.0022937629837542772,0.0037335439119488,0.003216613084077835,0.004363415762782097,0.006550973746925592
636,95,1620,b,26430,29430,0.004578533116728067,0.0061768959276378155,0.0048828125,0.0015935999108478427,0.002293574158102274,0.0036633769050240517,0.0032426556572318077,0.004361786413937807,0.006199628580361605
637,95,1620,a,28584,14292,0.0044074468314647675,0.006020498927682638,0.0048828125,0.0015893460949882865,0.0022931857965886593,0.0038899744395166636,0.003238205099478364,0.004371554125100374,0.006550757680088282
638,95,1620,a,26832,13416,0.004594141151756048,0.006154478061944246,0.002197265625,0.0015776136424392462,0.002293146913871169,0.0036418603267520666,0.0032181814312934875,0.004345409572124481,0.006333324126899242
639,95,1620,a,26888,13444,0.004491983447223902,0.006160110235214233,0.007568359375,0.0015834185760468245,0.0022927920799702406,0.0032739005982875824,0.0032259717117995024,0.004366949200630188,0.005820469930768013
640,95,1620,b,27534,29982,0.004496915731579065,0.0063431416638195515,0.01171875,0.00157939235214144,0.0022926433011889458,0.00357668474316597,0.003219355596229434,0.0043625254184007645,0.006312675774097443
641,95,1620,a,26584,13292,0.004685665015131235,0.006512266118079424,0.007568359375,0.0015903132734820247,0.0022923555225133896,0.003588019171729684,0.003237095195800066,0.004341220948845148,0.006368337199091911
642,95,1620,a,26776,13388,0.0043906536884605885,0.005860174540430307,0.003662109375,0.0015813029604032636,0.002292277989909053,0.0037280842661857605,0.0032211346551775932,0.004338211379945278,0.006537566427141428
643,95,1620,b,29190,30810,0.004432968329638243,0.006176406051963568,0.002685546875,0.001572774606756866,0.0022916351445019245,0.003625220386311412,0.003212409559637308,0.004335361532866955,0.006471442058682442
644,95,1620,b,27654,30042,0.004453056026250124,0.005997172091156244,0.019287109375,0.0015752100152894855,0.002291395328938961,0.003627350553870201,0.003211099421605468,0.004374176263809204,0.006408671848475933
645,95,1620,b,28894,30662,0.00452701048925519,0.006108806934207678,0.001953125,0.0015884720487520099,0.0022913902066648006,0.003756180638447404,0.0032318877056241035,0.0043752617202699184,0.006391375325620174
646,95,1620,b,26702,29566,0.004712403751909733,0.006495239678770304,0.011474609375,0.0016013243002817035,0.0022913741413503885,0.003962439950555563,0.003252438036724925,0.004370782524347305,0.006740141659975052
647,95,1620,b,27710,30070,0.00457038776949048,0.006156169809401035,0.00341796875,0.00157793122343719,0.0022912973072379827,0.0037284016143530607,0.003213864052668214,0.004347558133304119,0.006427397485822439
648,95,1620,b,28238,30334,0.004493793472647667,0.00619393028318882,0.015869140625,0.0015844564186409116,0.0022910251282155514,0.003273417241871357,0.003226794768124819,0.004345633089542389,0.0058080824092030525
649,95,1620,b,28998,30714,0.0044393534772098064,0.005980642046779394,0.006103515625,0.0015835734084248543,0.002290592063218355,0.0034323064610362053,0.0032295535784214735,0.004340503364801407,0.006097722332924604
650,95,1620,b,27718,30074,0.004483416676521301,0.006241492461413145,0.001220703125,0.001577874063514173,0.0022905110381543636,0.0034428054932504892,0.003216432174667716,0.00436435965821147,0.006103721912950277
651,95,1620,b,28558,30494,0.004534874577075243,0.006028150673955679,0.029052734375,0.0015782439149916172,0.002290362026542425,0.0035149564500898123,0.003217344870790839,0.004341490101069212,0.006074121687561274
652,95,1620,b,28398,30414,0.004569454584270716,0.006343974731862545,0.01318359375,0.0015766124706715345,0.0022903368808329105,0.0037123882211744785,0.003216248471289873,0.004371926188468933,0.00646699033677578
653,95,1620,a,26928,13464,0.004494596738368273,0.005945551209151745,0.00244140625,0.0015869217459112406,0.0022902009077370167,0.0031469687819480896,0.0032348772510886192,0.00434756837785244,0.005659878719598055
654,95,1620,a,26600,13300,0.004739778582006693,0.006456698756664991,0.013916015625,0.00158771313726902,0.0022897771559655666,0.0037898877635598183,0.0032345314975827932,0.004381933249533176,0.0066825454123318195
655,95,1620,b,26670,29550,0.004393367562443018,0.006030255928635597,0.00244140625,0.0015924692852422595,0.0022896798327565193,0.003491148119792342,0.003240866120904684,0.004347051028162241,0.00610677944496274
656,95,1620,a,29160,14580,0.004671705421060324,0.0062232534401118755,0.01318359375,0.0015939971199259162,0.0022890164982527494,0.003204639768227935,0.0032440514769405127,0.004358145408332348,0.005767118651419878
657,95,1620,b,27990,30210,0.004285780247300863,0.005660898983478546,0.00146484375,0.0015708360588178039,0.0022888919338583946,0.0032388789113610983,0.003204691456630826,0.0043348814360797405,0.005714437458664179
658,95,1620,b,29022,30726,0.004591955803334713,0.006355698686093092,0.014404296875,0.0015889856731519103,0.0022886323276907206,0.003179312450811267,0.003236401593312621,0.004335882142186165,0.0056813363917171955
659,95,1620,a,26152,13076,0.004428300075232983,0.005915590561926365,0.00732421875,0.0015821049455553293,0.002288548741489649,0.0037018724251538515,0.0032266455236822367,0.004350451286882162,0.006564919836819172
660,95,1620,b,28374,30402,0.004304189700633287,0.005724022164940834,0.00537109375,0.0015879841521382332,0.002288350835442543,0.0035525199491530657,0.0032366118393838406,0.00433706259354949,0.006126717664301395
661,95,1620,b,26846,29638,0.004585871007293463,0.006225908640772104,0.0068359375,0.0015939818695187569,0.002288126852363348,0.0031451971735805273,0.0032405571546405554,0.004342939704656601,0.005659626331180334
662,95,1620,b,28454,30442,0.004375874996185303,0.0059122745878994465,0.017333984375,0.001580037991516292,0.0022881189361214638,0.003782575950026512,0.0032212112564593554,0.004347039386630058,0.006606058683246374
663,95,1620,a,26256,13128,0.004676505923271179,0.006373588927090168,0.00146484375,0.0015892961528152227,0.002288063755258918,0.003635439556092024,0.003236230928450823,0.004356376826763153,0.0062263659201562405
664,95,1620,b,28174,30302,0.004475631285458803,0.005992840509861708,0.009521484375,0.0015785307623445988,0.0022880183532834053,0.0034814055543392897,0.0032169511541724205,0.0043332260102033615,0.006037539336830378
665,95,1620,a,26344,13172,0.0046340604312717915,0.006238470785319805,0.013427734375,0.0015896894037723541,0.00228783767670393,0.0033401623368263245,0.00323624350130558,0.004363128915429115,0.005934651009738445
666,95,1620,b,26734,29582,0.004378585144877434,0.0059539033100008965,0.001708984375,0.0015847428003326058,0.0022877221927046776,0.003138644387945533,0.0032250338699668646,0.004346101079136133,0.0056315818801522255
667,95,1620,b,29054,30742,0.004583772271871567,0.006206102669239044,0.01953125,0.0015800762921571732,0.0022877133451402187,0.00352091109380126,0.003219308564439416,0.0043281977996230125,0.006232283543795347
668,95,1620,b,28462,30446,0.004362627863883972,0.005913961213082075,0.01025390625,0.0015848582843318582,0.002287209266796708,0.004232687409967184,0.0032287142239511013,0.004355379845947027,0.007102056872099638
669,95,1620,b,29102,30766,0.00424358993768692,0.005766617599874735,0.005615234375,0.0015717874048277736,0.0022871519904583693,0.003326721955090761,0.0032068334985524416,0.0043258629739284515,0.0058309705927968025
670,95,1620,b,28150,30290,0.004462071228772402,0.006000842433422804,0.0302734375,0.001582118566147983,0.002286852803081274,0.0036437700036913157,0.0032232238445430994,0.0043344818986952305,0.0063460576348006725
671,95,1620,b,28526,30478,0.004459986463189125,0.006032918114215136,0.019287109375,0.0015975889982655644,0.0022868290543556213,0.0035543320700526237,0.0032487602438777685,0.004369494970887899,0.006180897820740938
672,95,1620,b,27758,30094,0.004408679436892271,0.005939067341387272,0.00634765625,0.0015631767455488443,0.0022867918014526367,0.00365670514293015,0.0031919931061565876,0.00433935085311532,0.006203094497323036
673,95,1620,a,26200,13100,0.004370469134300947,0.005835900083184242,0.011474609375,0.001582712633535266,0.0022867496591061354,0.0037758289836347103,0.0032237102277576923,0.004357899539172649,0.006562391761690378
674,95,1620,a,26320,13160,0.004553009290248156,0.006104167550802231,0.01318359375,0.0015829663025215268,0.0022866821382194757,0.0036476003006100655,0.0032268883660435677,0.004352717660367489,0.006428515072911978
675,95,1620,b,27606,30018,0.004460436757653952,0.006166237872093916,0.010009765625,0.0015753498300909996,0.0022865855135023594,0.003377173561602831,0.003212924115359783,0.004338730126619339,0.0058251493610441685
676,95,1620,b,28246,30338,0.0044259061105549335,0.005922951269894838,0.01318359375,0.0015738914953544736,0.0022865007631480694,0.0030692482832819223,0.0032101429533213377,0.004345575347542763,0.0054954178631305695
677,95,1620,a,26224,13112,0.004412081558257341,0.005938360467553139,0.01123046875,0.0015739339869469404,0.0022864784114062786,0.004252104088664055,0.0032103725243359804,0.00436668936163187,0.007043635938316584
678,95,1620,b,28254,30342,0.004292923491448164,0.00576386135071516,0.0087890625,0.001561596873216331,0.0022862886544317007,0.003060108982026577,0.003192010335624218,0.004376738332211971,0.005381147377192974
679,95,1620,a,26816,13408,0.004329171497374773,0.005919585004448891,0.001708984375,0.0015871935756877065,0.0022862718906253576,0.0037825005128979683,0.0032328201923519373,0.004357706755399704,0.0064073167741298676
680,95,1620,b,28822,30626,0.004823436960577965,0.006595684215426445,0.016357421875,0.001594435889273882,0.0022861184552311897,0.003260780591517687,0.0032430877909064293,0.004366529639810324,0.005780323408544064
681,95,1620,b,27518,29974,0.004684635438024998,0.006569030229002237,0.013427734375,0.001600363408215344,0.0022860360331833363,0.0037139069754630327,0.003253471339121461,0.004351682495325804,0.00635833153501153
682,95,1620,b,28294,30362,0.004544041119515896,0.006191353313624859,0.009765625,0.0015736616915091872,0.0022858541924506426,0.0034061784390360117,0.003211034694686532,0.004347681533545256,0.005955383647233248
683,95,1620,a,29168,14584,0.004526844713836908,0.006148635409772396,0.0087890625,0.0016027557430788875,0.0022857000585645437,0.0035705193877220154,0.0032601221464574337,0.004349310416728258,0.00623767776414752
684,95,1620,a,26856,13428,0.004377750214189291,0.00604532053694129,0.001708984375,0.0015811166958883405,0.002285670256242156,0.003747647861018777,0.0032227286137640476,0.004333130549639463,0.006487051956355572
685,95,1620,b,28342,30386,0.004505437798798084,0.006009138189256191,0.008544921875,0.0015803052810952067,0.002285600174218416,0.0035411075223237276,0.0032207986805588007,0.0043321936391294,0.0062503875233232975
686,95,1620,a,26576,13288,0.004611635114997625,0.00627359701320529,0.00048828125,0.001585702528245747,0.002285340102389455,0.0034873783588409424,0.0032315063290297985,0.004354926757514477,0.006189375184476376
687,95,1620,a,26808,13404,0.0044212727807462215,0.00594303198158741,0.0029296875,0.0015822715358808637,0.002285167807713151,0.00363189191557467,0.003223860403522849,0.004340743646025658,0.00642741285264492
688,95,1620,a,28144,14072,0.004713447764515877,0.0063555133529007435,0.0048828125,0.0015796365914866328,0.0022849421948194504,0.003091544145718217,0.0032228718046098948,0.00435144966468215,0.005526431370526552
689,95,1620,b,27526,29978,0.00440306356176734,0.006082557141780853,0.00830078125,0.0015894793905317783,0.0022849359083920717,0.004023614805191755,0.0032354730647057295,0.004332896322011948,0.006815147120505571
690,95,1620,b,28510,30470,0.004586736671626568,0.006195077672600746,0.020751953125,0.0015792751219123602,0.0022845508065074682,0.0034214849583804607,0.0032197178807109594,0.004344406072050333,0.00607695197686553
691,95,1620,a,26280,13140,0.004356997087597847,0.0058110663667321205,0.005615234375,0.0015764376148581505,0.0022843992337584496,0.0035475774202495813,0.0032161776907742023,0.004338895436376333,0.006106142420321703
692,95,1620,b,28534,30482,0.0045225839130580425,0.0059874337166547775,0.021484375,0.0015746417921036482,0.0022842411417514086,0.003413253463804722,0.0032107336446642876,0.004351033829152584,0.006047390401363373
693,95,1620,a,26352,13176,0.004644681699573994,0.006390508729964495,0.015380859375,0.001606143545359373,0.0022841233294457197,0.004508085083216429,0.0032639948185533285,0.0043409233912825584,0.007451207842677832
694,95,1620,b,28478,30454,0.004283273592591286,0.0056558516807854176,0.01318359375,0.0015861033461987972,0.002283998765051365,0.0035839597694575787,0.00323083414696157,0.004338513128459454,0.006266535725444555
695,95,1620,b,26070,29250,0.004749378189444542,0.006482461933046579,0.0,0.0015919768484309316,0.0022838052827864885,0.004253752063959837,0.00323844188824296,0.004351535812020302,0.00710729556158185
696,95,1620,a,26840,13420,0.004487399477511644,0.0060463761910796165,0.001708984375,0.0015843252185732126,0.002283253241330385,0.003654435509815812,0.0032296725548803806,0.0043338327668607235,0.006334773730486631
697,95,1620,b,26446,29438,0.004522913135588169,0.005999233573675156,0.012939453125,0.0015853607328608632,0.002283015986904502,0.0034609215799719095,0.003226230386644602,0.004342654254287481,0.006092121824622154
698,95,1620,a,26784,13392,0.004407158121466637,0.0060501485131680965,0.008544921875,0.0015817907406017184,0.00228193704970181,0.0037127246614545584,0.003223318373784423,0.0043001254089176655,0.006540186703205109
699,95,1620,a,27616,13808,0.004921673331409693,0.006679651793092489,0.0,0.0015907172346487641,0.0022818520665168762,0.003311759326606989,0.0032387031242251396,0.004361639264971018,0.005929637234658003
700,95,1620,a,26408,13204,0.004506192170083523,0.006224796175956726,0.008056640625,0.0015820934204384685,0.002281710971146822,0.004103959072381258,0.003224099986255169,0.00432162219658494,0.0067990608513355255
701,95,1620,a,28488,14244,0.0045510814525187016,0.006325369235128164,0.005859375,0.0015958925941959023,0.002281392924487591,0.003640973474830389,0.0032440503127872944,0.004347134847193956,0.006407666020095348
702,95,1620,b,28126,30278,0.004285640083253384,0.005792122799903154,0.004150390625,0.0015841568820178509,0.0022813885007053614,0.0036740873474627733,0.0032273868564516306,0.004341884516179562,0.006441554054617882
703,95,1620,b,28382,30406,0.00444779684767127,0.006139740347862244,0.003662109375,0.0015803429996594787,0.0022810923401266336,0.0036340034566819668,0.0032245987094938755,0.00435521500185132,0.006261367350816727
704,95,1620,b,29006,30718,0.004393435083329678,0.00584242632612586,0.01123046875,0.0015855610836297274,0.0022809654474258423,0.0032171716447919607,0.0032308618538081646,0.004346874542534351,0.005592913832515478
705,95,1620,b,27982,30206,0.004496338311582804,0.006136600859463215,0.008544921875,0.0015611298149451613,0.002280883025377989,0.003307347884401679,0.0031905220821499825,0.004325480200350285,0.005719271022826433
706,95,1620,a,26848,13424,0.004400038626044989,0.005847008433192968,0.00390625,0.0015922199236229062,0.002280743094161153,0.003777105128392577,0.003241287311539054,0.0043337224051356316,0.006513252854347229
707,95,1620,a,27448,13724,0.0046951621770858765,0.006264176219701767,0.001220703125,0.0015868935734033585,0.002280603861436248,0.003432796336710453,0.0032334805000573397,0.004350840114057064,0.006071681156754494
708,95,1620,b,28182,30306,0.004311212804168463,0.005856379866600037,0.004638671875,0.001585210207849741,0.0022804562468081713,0.0032286476343870163,0.0032272650860249996,0.004331821575760841,0.0057030352763831615
709,95,1620,a,26624,13312,0.00450999615713954,0.006190181709825993,0.010986328125,0.0015907917404547334,0.0022804373875260353,0.0038969810120761395,0.00323974690400064,0.004340122453868389,0.006786805111914873
710,95,1620,b,27974,30202,0.004507163539528847,0.0059889089316129684,0.006591796875,0.001567382481880486,0.0022800120059400797,0.00361866713501513,0.0032006956171244383,0.0043419948779046535,0.006322637666016817
711,95,1620,b,27470,29950,0.004379058722406626,0.005782513413578272,0.0107421875,0.00157947838306427,0.0022796872071921825,0.003198630176484585,0.0032180100679397583,0.004302253481000662,0.005666762590408325
712,95,1620,b,28310,30370,0.004513900727033615,0.006104869768023491,0.0107421875,0.0015678310301154852,0.002279463689774275,0.0033255391754209995,0.0032011212315410376,0.0043617174960672855,0.005981612950563431
713,95,1620,a,27648,13824,0.004796024411916733,0.006524849217385054,0.010986328125,0.0015926794148981571,0.0022792683448642492,0.0039634378626942635,0.003240924095734954,0.004329787101596594,0.006887808907777071
714,95,1620,b,27406,29918,0.004521405790001154,0.00602018553763628,0.02734375,0.0015811261255294085,0.0022790981456637383,0.003173989010974765,0.00322351255454123,0.004339803475886583,0.005862835329025984
715,95,1620,b,27462,29946,0.004389961715787649,0.005780098028481007,0.010986328125,0.0015862309373915195,0.002279054606333375,0.0032597233075648546,0.003231196431443095,0.004325035028159618,0.0058586569502949715
716,95,1620,a,26112,13056,0.004401897080242634,0.005880344193428755,0.00390625,0.0015858038095757365,0.0022790380753576756,0.003304725047200918,0.003230119589716196,0.004327515140175819,0.005926916841417551
717,95,1620,b,28646,30538,0.004490490071475506,0.006177098024636507,0.01513671875,0.0015844247536733747,0.00227898801676929,0.0034554987214505672,0.003227793611586094,0.00435817614197731,0.00608833646401763
718,95,1620,b,27830,30130,0.0044481041841208935,0.0060629649087786674,0.006103515625,0.0015754055930301547,0.0022787153720855713,0.003318849951028824,0.0032138286624103785,0.004340721294283867,0.005956464447081089
719,95,1620,b,28614,30522,0.004505138378590345,0.0061342050321400166,0.006103515625,0.0015820569824427366,0.0022784965112805367,0.003206605324521661,0.0032235775142908096,0.004294183570891619,0.005798206198960543
720,95,1620,b,28966,30698,0.004243129398673773,0.005655764602124691,0.0009765625,0.0015798386884853244,0.002278353087604046,0.003481486579403281,0.003222640370950103,0.004358512815088034,0.00604877108708024
721,95,1620,a,26632,13316,0.0045419493690133095,0.0060811396688222885,0.0087890625,0.001594178262166679,0.0022781030274927616,0.0033495519310235977,0.003245259402319789,0.004319231025874615,0.006016997154802084
722,95,1620,b,26478,29454,0.004531111568212509,0.006058863829821348,0.004638671875,0.001573593937791884,0.002277782652527094,0.003519497811794281,0.003209139220416546,0.004348271992057562,0.006192063447088003
723,95,1620,b,28710,30570,0.004644826054573059,0.006273133214563131,0.024169921875,0.001582611002959311,0.002277545863762498,0.003424328286200762,0.0032234934624284506,0.004326782654970884,0.006044414360076189
724,95,1620,b,27302,29866,0.004433617927134037,0.005967979785054922,0.019287109375,0.001566134626045823,0.002277442254126072,0.003251941641792655,0.0031965821981430054,0.004344596061855555,0.005696749314665794
725,95,1620,a,27304,13652,0.0045511252246797085,0.00625296076759696,0.01513671875,0.0015848333714529872,0.0022773605305701494,0.0034005162306129932,0.003227711422368884,0.0043228561989963055,0.005932359956204891
726,95,1620,b,28350,30390,0.004458424169570208,0.006028832867741585,0.00830078125,0.001573049696162343,0.0022772622760385275,0.0034575494937598705,0.0032111715991050005,0.004341777879744768,0.006175663787871599
727,95,1620,a,26328,13164,0.0045815263874828815,0.00606323080137372,0.007080078125,0.0015857917023822665,0.002277171704918146,0.003626098157837987,0.0032311393879354,0.004348251968622208,0.006409038323909044
728,95,1620,a,26360,13180,0.00475558964535594,0.006416258867830038,0.016845703125,0.001599448500201106,0.002276818035170436,0.0032498687505722046,0.0032519169617444277,0.00434926338493824,0.005878510419279337
729,95,1620,b,29230,30830,0.004056286066770554,0.005398737732321024,0.0068359375,0.0015709912404417992,0.002276570303365588,0.0037257990334182978,0.003205543616786599,0.00431894650682807,0.006581681314855814
730,95,1620,b,29118,30774,0.004501535091549158,0.006059277802705765,0.011962890625,0.001581214601173997,0.002276303479447961,0.004398157820105553,0.003222001949325204,0.004354857373982668,0.007343949284404516
731,95,1620,b,27734,30082,0.00445169024169445,0.005992413032799959,0.007080078125,0.0015810491750016809,0.002275695325806737,0.003900175215676427,0.0032201800495386124,0.004340437240898609,0.006605791859328747
732,95,1620,b,27174,29802,0.004373779986053705,0.005850660614669323,0.005126953125,0.0015797276282683015,0.002275455044582486,0.003347811521962285,0.0032209563069045544,0.004317139275372028,0.0059836613945662975
733,95,1620,b,28926,30678,0.00436937203630805,0.00584784708917141,0.000244140625,0.001580218318849802,0.002275430364534259,0.003609290812164545,0.0032216066028922796,0.00431775813922286,0.006370216142386198
734,95,1620,a,26760,13380,0.004611687734723091,0.006172338500618935,0.00390625,0.0016030424740165472,0.002275319304317236,0.0034166325349360704,0.0032566962763667107,0.004327923059463501,0.006069765891879797
735,95,1620,b,28798,30614,0.004394287709146738,0.005925515200942755,0.0087890625,0.001586889149621129,0.002275183331221342,0.0037833836395293474,0.003227888373658061,0.004323089029639959,0.006357675883919001
736,95,1620,b,27502,29966,0.004473470617085695,0.006078918930143118,0.009521484375,0.0015772022306919098,0.0022750557400286198,0.003285264829173684,0.0032161064445972443,0.004341596271842718,0.005849147215485573
737,95,1620,b,28726,30578,0.00432494655251503,0.005818895995616913,0.001708984375,0.0015904858009889722,0.0022748850751668215,0.0034369658678770065,0.0032354542054235935,0.004328287206590176,0.006082687992602587
738,95,1620,b,28438,30434,0.00435552466660738,0.005877355113625526,0.008056640625,0.0015762138646095991,0.002274746773764491,0.0038847581017762423,0.003215607488527894,0.004338373430073261,0.006421852856874466
739,95,1620,b,27246,29838,0.004706978797912598,0.006349219940602779,0.009033203125,0.0015817848034203053,0.0022746871691197157,0.0037047567311674356,0.0032234364189207554,0.004350265022367239,0.0062890131957829
740,95,1620,a,28168,14084,0.00451982906088233,0.006205543410032988,0.00390625,0.0015756887150928378,0.0022745635360479355,0.0042625488713383675,0.0032158878166228533,0.004329506307840347,0.007104285527020693
741,95,1620,b,28622,30526,0.00464041531085968,0.0062601580284535885,0.01513671875,0.001589956576935947,0.002274345140904188,0.003455860074609518,0.0032353021670132875,0.004322364926338196,0.005982107482850552
742,95,1620,a,26864,13432,0.004502387251704931,0.006069672293961048,0.0087890625,0.0015924701001495123,0.0022742876317352057,0.0034202116075903177,0.0032408053521066904,0.00432869466021657,0.006053176708519459
743,95,1620,b,28014,30222,0.004374748095870018,0.005989615805447102,0.0068359375,0.001568834064528346,0.0022740475833415985,0.003587045008316636,0.0032015058677643538,0.004326987080276012,0.00621129060164094
744,95,1620,b,26422,29426,0.004714158363640308,0.006488867104053497,0.009033203125,0.0015938676660880446,0.002273895777761936,0.00402537127956748,0.0032426523976027966,0.00433454941958189,0.006773126311600208
745,95,1620,a,26496,13248,0.004349658731371164,0.00583035359159112,0.00634765625,0.0015745435375720263,0.002273390768095851,0.0032924676779657602,0.0032125103753060102,0.004332031589001417,0.005962447728961706
746,95,1620,b,27310,29870,0.004615260753780603,0.006200593430548906,0.0224609375,0.0015738714719191194,0.0022731823846697807,0.0037144634407013655,0.003208304289728403,0.004336732905358076,0.006084919441491365
747,95,1620,b,28278,30354,0.004558960907161236,0.00611231429502368,0.010498046875,0.0015765612479299307,0.0022731292992830276,0.003448729170486331,0.0032146507874131203,0.004339487757533789,0.006139801815152168
748,95,1620,b,29110,30770,0.004215980414301157,0.0057078395038843155,0.008056640625,0.0015860031126067042,0.0022728019393980503,0.003372524632140994,0.0032297393772751093,0.004314136225730181,0.005918141920119524
749,95,1620,b,26470,29450,0.0044905138202011585,0.0060026757419109344,0.0087890625,0.0015763274859637022,0.002272768411785364,0.00312361354008317,0.0032144461292773485,0.004336541052907705,0.005671918857842684
750,95,1620,a,26568,13284,0.004596143960952759,0.0062295300886034966,0.005126953125,0.0015809659380465746,0.002272623358294368,0.003348135156556964,0.003224795451387763,0.004325699992477894,0.006015526130795479
751,95,1620,b,27934,30182,0.004256380721926689,0.005781136453151703,0.00537109375,0.0015658190241083503,0.0022721674758940935,0.003373434068635106,0.0031995114404708147,0.004316721577197313,0.005893816240131855
752,95,1620,a,26728,13364,0.0045954883098602295,0.006324168760329485,0.006103515625,0.001576121081598103,0.0022720692213624716,0.0035195276141166687,0.003214548109099269,0.004332446958869696,0.006308719981461763
753,95,1620,a,27640,13820,0.004710173700004816,0.006273635197430849,0.017822265625,0.0015807083109393716,0.002271433360874653,0.003021406941115856,0.0032215870451182127,0.004334252327680588,0.005543449427932501
754,95,1620,b,29254,30842,0.004285968840122223,0.005830818321555853,0.0087890625,0.0015686661936342716,0.0022712904028594494,0.003311706241220236,0.0032031622249633074,0.004333564080297947,0.006001620087772608
755,95,1620,b,28366,30398,0.004338026978075504,0.005766490940004587,0.00634765625,0.0015772022306919098,0.0022712850477546453,0.0031044273637235165,0.003220068523660302,0.004328171722590923,0.005566941108554602
756,95,1620,a,26592,13296,0.004610028117895126,0.00628372747451067,0.014404296875,0.0015928731299936771,0.002270887838676572,0.0038274286780506372,0.0032426861580461264,0.004339804407209158,0.006565062329173088
757,95,1620,b,27494,29962,0.004368209280073643,0.005774148739874363,0.005859375,0.001583917997777462,0.002270436380058527,0.003630620427429676,0.00322804250754416,0.004334301687777042,0.006234375294297934
758,95,1620,b,26974,29702,0.004397230222821236,0.005967399105429649,0.006103515625,0.0015880343271419406,0.0022696061059832573,0.0032378050964325666,0.0032329235691577196,0.00432890048250556,0.00583165418356657
759,95,1620,b,28422,30426,0.004369837697595358,0.005796770099550486,0.01171875,0.0015737974317744374,0.0022694412618875504,0.0036786114796996117,0.0032119916286319494,0.004332918208092451,0.006302143447101116
760,95,1620,b,28206,30318,0.004560443107038736,0.006060241721570492,0.007080078125,0.001574416528455913,0.00226895441301167,0.003663038369268179,0.0032104579731822014,0.004325889516621828,0.006338318344205618
761,95,1620,b,26438,29434,0.004466567654162645,0.006191534455865622,0.007080078125,0.001576623530127108,0.002268487121909857,0.003184085013344884,0.0032164407894015312,0.004313592333346605,0.005563898477703333
762,95,1620,b,29246,30838,0.00442872941493988,0.005994108971208334,0.009765625,0.0015808861935511231,0.0022682829294353724,0.003359380643814802,0.003224106738343835,0.004329315386712551,0.005953420419245958
763,95,1620,a,26680,13340,0.004586531314998865,0.006164733786135912,0.004638671875,0.0015857415273785591,0.0022682705894112587,0.003720112144947052,0.0032333109993487597,0.004317059647291899,0.006502114702016115
764,95,1620,b,28494,30462,0.004376414231956005,0.005922655574977398,0.021240234375,0.0015820675762370229,0.002267514355480671,0.0037622295785695314,0.0032254448160529137,0.004317650571465492,0.006367835216224194
765,95,1620,b,28230,30330,0.00448371097445488,0.006017629988491535,0.015625,0.0015731444582343102,0.00226734671741724,0.0034100678749382496,0.0032090016175061464,0.004321345593780279,0.006006928626447916
766,95,1620,b,27566,29998,0.0043398174457252026,0.005797210615128279,0.008056640625,0.001575131551362574,0.0022667066659778357,0.003133229212835431,0.0032143299467861652,0.004305912181735039,0.005596588831394911
767,95,1620,b,27702,30066,0.004318866413086653,0.005809756461530924,0.00048828125,0.0015760207315906882,0.002266676863655448,0.0035542768891900778,0.0032133369240909815,0.00430806539952755,0.006197416689246893
768,95,1620,b,26590,29510,0.004684468265622854,0.006332725286483765,0.0126953125,0.001576061942614615,0.0022663637064397335,0.003133414313197136,0.003213446121662855,0.004335654899477959,0.005541978403925896
769,95,1620,b,27598,30014,0.004469455219805241,0.006456037517637014,0.01806640625,0.0015832199715077877,0.002265815855935216,0.003909895662218332,0.003226158209145069,0.004321725573390722,0.006592896766960621
770,95,1620,b,27678,30054,0.0044342936016619205,0.006027961615473032,0.011962890625,0.0015884704189375043,0.0022656815126538277,0.0035464013926684856,0.0032337491866201162,0.004336537793278694,0.006219527684152126
771,95,1620,a,26536,13268,0.0046857912093400955,0.0064494009129703045,0.003173828125,0.0015802985290065408,0.002264849143102765,0.0034976880997419357,0.003221580758690834,0.00432405574247241,0.006204214412719011
772,95,1620,a,26480,13240,0.0046318513341248035,0.006199960131198168,0.005615234375,0.0015810076147317886,0.002264324575662613,0.00361513439565897,0.0032224685419350863,0.004295429680496454,0.006319420412182808
773,95,1620,b,28318,30374,0.004215938504785299,0.005682631395757198,0.006591796875,0.0015626874519512057,0.0022640260867774487,0.0036775849293917418,0.003194752149283886,0.0042998590506613255,0.006402620114386082
774,95,1620,b,27510,29970,0.004382990766316652,0.005932920146733522,0.010009765625,0.0015812373021617532,0.0022640188690274954,0.0034819780848920345,0.0032246995251625776,0.004323875065892935,0.006101907696574926
775,95,1620,b,28446,30438,0.0044950442388653755,0.005900771357119083,0.01318359375,0.00157768779899925,0.0022637981455773115,0.0034530090633779764,0.0032186396420001984,0.004327555652707815,0.00606111902743578
776,95,1620,b,28166,30298,0.0044730412773787975,0.006013713777065277,0.019775390625,0.0015670487191528082,0.0022633993066847324,0.0036867824383080006,0.0031978304032236338,0.00429930305108428,0.0064178891479969025
777,95,1620,b,29030,30730,0.004435673356056213,0.005914198700338602,0.009033203125,0.001580163836479187,0.0022628335282206535,0.00356004829518497,0.0032207933254539967,0.004322224762290716,0.006248884834349155
778,95,1620,a,28480,14240,0.004555285442620516,0.006511813495308161,0.004638671875,0.0015834184596315026,0.0022626437712460756,0.003575112670660019,0.00322677637450397,0.004310728516429663,0.006360075436532497
779,95,1620,b,26910,29670,0.004572683945298195,0.006138334050774574,0.00830078125,0.001576484995894134,0.0022617746144533157,0.0044046370312571526,0.0032163290306925774,0.004337862599641085,0.00724521279335022
780,95,1620,a,26544,13272,0.004559142515063286,0.006195657420903444,0.001708984375,0.0015877829864621162,0.002261759713292122,0.003795488504692912,0.003236450720578432,0.004316976293921471,0.006462280172854662
781,95,1620,b,29078,30754,0.004427981562912464,0.006053166929632425,0.009033203125,0.001571476343087852,0.0022608875297009945,0.0036423243582248688,0.0032059946097433567,0.00430804118514061,0.006351576652377844
782,95,1620,a,26616,13308,0.004466486629098654,0.006109992973506451,0.013916015625,0.001583170611411333,0.0022607508581131697,0.0037983341608196497,0.0032269954681396484,0.00431059580296278,0.00665224390104413
783,95,1620,b,26502,29466,0.004501772113144398,0.00609119376167655,0.000244140625,0.0015626117819920182,0.002260668436065316,0.0034126213286072016,0.0031935039442032576,0.004317853134125471,0.006233124528080225
784,95,1620,b,28006,30218,0.004360920283943415,0.005993881728500128,0.0009765625,0.001557848765514791,0.002259283559396863,0.0032883048988878727,0.0031850100494921207,0.004283833783119917,0.0058587705716490746
785,95,1620,a,26504,13252,0.004593166057020426,0.006238987203687429,0.000244140625,0.0015730950981378555,0.002257994608953595,0.0038375286385416985,0.003209106856957078,0.004289981443434954,0.0067000496201217175
786,95,1620,a,26608,13304,0.004875780548900366,0.006719022989273071,0.013427734375,0.0015840885462239385,0.0022566402330994606,0.003510434878990054,0.0032274683471769094,0.004315579310059547,0.0062834881246089935
787,95,1620,b,27630,30030,0.004348587244749069,0.005880502983927727,0.00048828125,0.0015666825929656625,0.002256077481433749,0.0031474907882511616,0.003198861377313733,0.004300242755562067,0.005824274383485317
788,95,1620,a,26432,13216,0.004657457582652569,0.006359199993312359,0.006103515625,0.0015815095975995064,0.002255289815366268,0.003205652581527829,0.0032240862492471933,0.004319137427955866,0.00573347695171833
789,95,1620,a,28096,14048,0.004384085536003113,0.005947116296738386,0.003662109375,0.001590293482877314,0.00225380202755332,0.0037274397909641266,0.0032391867134720087,0.004314553923904896,0.006549948826432228
790,95,1620,a,26376,13188,0.004669315181672573,0.006131092086434364,0.004638671875,0.0015921237645670772,0.00225331773981452,0.003152502467855811,0.0032432791776955128,0.004315103869885206,0.005710527300834656
791,95,1620,b,27750,30090,0.004453663248568773,0.006056324578821659,0.00390625,0.001567094586789608,0.002252604579553008,0.0037118736654520035,0.0031996225006878376,0.00429485272616148,0.00646585039794445
792,95,1620,b,27726,30078,0.004524657037109137,0.006127824541181326,0.00634765625,0.0015728342114016414,0.002252542646601796,0.0030436355154961348,0.003209178801625967,0.004326122347265482,0.005539556033909321
793,95,1620,a,26456,13228,0.004394378513097763,0.005995498970150948,0.0,0.0015921432059258223,0.0022521456703543663,0.0038558379746973515,0.003240389283746481,0.004293416626751423,0.006573318969458342
794,95,1620,a,26648,13324,0.004942373372614384,0.006650601513683796,0.009033203125,0.0015866943867877126,0.002251987811177969,0.003756056074053049,0.003233988070860505,0.004346187226474285,0.006471794564276934
795,95,1620,a,26448,13224,0.004357002209872007,0.005824425723403692,0.00537109375,0.0015707096317782998,0.002251648809760809,0.004376143217086792,0.003206544788554311,0.004282535053789616,0.007218467071652412
796,95,1620,a,27600,13800,0.004471553955227137,0.006061031948775053,0.01611328125,0.0015890887007117271,0.00225149211473763,0.0038787447847425938,0.003235535230487585,0.004309841897338629,0.006516053341329098
797,95,1620,a,26704,13352,0.004821007139980793,0.006482419557869434,0.000732421875,0.0015748456353321671,0.0022511137649416924,0.0032785008661448956,0.0032151718623936176,0.004279586486518383,0.005868836771696806
798,95,1620,a,26872,13436,0.004405906889587641,0.005911965388804674,0.006103515625,0.0015851235948503017,0.002246030606329441,0.0035749925300478935,0.003229815512895584,0.004290298093110323,0.006348839960992336
799,95,1620,a,27608,13804,0.004730633459985256,0.006292911246418953,0.006591796875,0.0015901350416243076,0.002245131181553006,0.0035439510829746723,0.003237500786781311,0.004284575581550598,0.006092067342251539
800,95,1620,b,29046,30738,0.004882990848273039,0.006822067312896252,0.019287109375,0.0015765144489705563,0.0022434182465076447,0.0033803191035985947,0.0032142933923751116,0.004250724799931049,0.006027859635651112
801,95,1620,a,26528,13264,0.00465773930773139,0.006145618390291929,0.001220703125,0.0015687295235693455,0.0022423865739256144,0.0034523322246968746,0.003204357111826539,0.004295886494219303,0.006242544390261173
802,95,1620,a,26440,13220,0.004699389450252056,0.006496286951005459,0.003662109375,0.001573755405843258,0.002241546753793955,0.0033025373704731464,0.0032106975559145212,0.0042709000408649445,0.005937414709478617
803,95,1620,b,28286,30358,0.004474604967981577,0.006213048938661814,0.0126953125,0.0015701046213507652,0.002241393318399787,0.003223981009796262,0.003206065623089671,0.004279525950551033,0.005758505780249834
804,95,1620,b,28574,30502,0.004345156252384186,0.0057509406469762325,0.01904296875,0.0015773104969412088,0.0022412529215216637,0.0033948631025850773,0.003215017030015588,0.004260775167495012,0.005908489692956209
805,95,1620,b,28390,30410,0.004236757289618254,0.005743660032749176,0.000244140625,0.0015767306322231889,0.0022411479149013758,0.0030298803467303514,0.0032187991309911013,0.004290399607270956,0.005323679652065039
806,95,1620,a,26384,13192,0.00463696988299489,0.006389370653778315,0.004638671875,0.0015763349365442991,0.0022404007613658905,0.0033553973771631718,0.003216716693714261,0.004295781720429659,0.005831999238580465
807,95,1620,b,28518,30474,0.0043252864852547646,0.005820048972964287,0.014404296875,0.0015790864126756787,0.002238818444311619,0.0034331921488046646,0.003220065264031291,0.004291061777621508,0.006008881609886885
808,95,1620,a,26824,13412,0.0044896830804646015,0.006092623807489872,0.002197265625,0.0015866104513406754,0.002235634718090296,0.003334078937768936,0.003232851391658187,0.004293701611459255,0.005986325442790985
809,95,1620,b,27622,30026,0.0044033825397491455,0.005919471848756075,0.00634765625,0.0015700450167059898,0.0022336591500788927,0.003411830635741353,0.0032054693438112736,0.004284238908439875,0.005942454561591148
810,95,1620,a,26560,13280,0.004619209561496973,0.006113836541771889,0.00048828125,0.0015692741144448519,0.002231904538348317,0.0033638919703662395,0.0032045398838818073,0.004273267462849617,0.005772192031145096
811,95,1620,b,27694,30062,0.004349495284259319,0.006110107060521841,0.00146484375,0.0015540971653535962,0.0022282034624367952,0.003703372087329626,0.003179245861247182,0.004276012536138296,0.006401175633072853
812,95,1620,b,28414,30422,0.0042820763774216175,0.005713377147912979,0.005126953125,0.0015732872998341918,0.0022267268504947424,0.0031966231763362885,0.003210789291188121,0.004273231141269207,0.005788072012364864
