rank,epoch,train_step,traj,frame,frame_index,force_mae,force_rmse,energy_abs_error,epistemic_mean,epistemic_p95,epistemic_max,aleatoric_mean,aleatoric_p95,aleatoric_max
1,99,900,a,27936,13968,0.005663491785526276,0.007771271280944347,0.00732421875,0.0017594870878383517,0.0026556660886853933,0.003975837957113981,0.0035058525390923023,0.004861953668296337,0.00676448130980134
2,99,900,a,27536,13768,0.00578484870493412,0.007938493974506855,0.006103515625,0.0017623865278437734,0.0026503580156713724,0.004010424483567476,0.00350581225939095,0.004853168968111277,0.006646989844739437
3,99,900,a,27376,13688,0.005755692720413208,0.007530646398663521,0.029296875,0.00175851013045758,0.0026433884631842375,0.004036225378513336,0.0034990340936928988,0.004831148777157068,0.006526653189212084
4,99,900,a,27912,13956,0.0056815254501998425,0.007634797599166632,0.01611328125,0.0017553003272041678,0.0026266013737767935,0.0037363157607614994,0.0034982762299478054,0.004796268418431282,0.006383691914379597
5,99,900,a,27528,13764,0.005801382940262556,0.007697533816099167,0.014892578125,0.0017598666017875075,0.002624232554808259,0.0038630617782473564,0.0034997761249542236,0.004778088536113501,0.006600957363843918
6,99,900,a,27368,13684,0.00564526068046689,0.007357481401413679,0.021728515625,0.00174693763256073,0.0026197407860308886,0.0034500265028327703,0.0034822283778339624,0.0047840336337685585,0.006216057576239109
7,99,900,a,27568,13784,0.005842249840497971,0.007684987038373947,0.0068359375,0.0017649505753070116,0.0026179642882198095,0.003875585738569498,0.003513038158416748,0.004760062322020531,0.007015681825578213
8,99,900,a,26928,13464,0.00579518498852849,0.007729404605925083,0.0009765625,0.0017247982323169708,0.0026144732255488634,0.003672059392556548,0.003447361756116152,0.004759660456329584,0.006245975848287344
9,99,900,b,26118,29274,0.005694572348147631,0.007449061144143343,0.003662109375,0.0017499307869002223,0.002613181946799159,0.0034907073713839054,0.003486940637230873,0.00477805407717824,0.006000836845487356
10,99,900,a,26992,13496,0.005476369522511959,0.00726288603618741,0.010986328125,0.0017457472858950496,0.002603000495582819,0.0036188149824738503,0.0034805331379175186,0.00475155608728528,0.0062686786986887455
11,99,900,a,29152,14576,0.005716661922633648,0.007529331371188164,0.0205078125,0.0017418537754565477,0.0026026738341897726,0.003619779832661152,0.003477014135569334,0.004750893451273441,0.0062258606776595116
12,99,900,b,26086,29258,0.006045132875442505,0.008010217919945717,0.004150390625,0.0017433192115277052,0.00259788753464818,0.0037878542207181454,0.0034795340616256,0.004725204315036535,0.006418175995349884
13,99,900,b,27886,30158,0.0053517757914960384,0.00711019104346633,0.00439453125,0.0017372274305671453,0.0025977599434554577,0.0034577790647745132,0.003465251298621297,0.004741273354738951,0.006168801337480545
14,99,900,a,27360,13680,0.005614770110696554,0.007551999296993017,0.01171875,0.0017341029597446322,0.002597633982077241,0.003965345676988363,0.003462956752628088,0.004737786948680878,0.006750942673534155
15,99,900,a,27504,13752,0.005892019718885422,0.00798750203102827,0.014404296875,0.0017489625606685877,0.0025975704193115234,0.003601940581575036,0.003485675435513258,0.004700905177742243,0.006532915402203798
16,99,900,a,27032,13516,0.0056635551154613495,0.0075349281542003155,0.008544921875,0.0017417448107153177,0.002596733160316944,0.003762811189517379,0.003470839699730277,0.0047705331817269325,0.0063311150297522545
17,99,900,b,27862,30146,0.0053370376117527485,0.0070683942176401615,0.001953125,0.0017259967280551791,0.002596355974674225,0.003494883421808481,0.003446839051321149,0.004715737886726856,0.0060136448591947556
18,99,900,a,27560,13780,0.005918492563068867,0.00781957060098648,0.001953125,0.0017448075814172626,0.002594568068161607,0.003347015706822276,0.003482451196759939,0.004758752416819334,0.005995693616569042
19,99,900,a,28544,14272,0.005865689367055893,0.007830451242625713,0.019287109375,0.0017154724337160587,0.0025941519998013973,0.004043355584144592,0.0034317609388381243,0.004722224082797766,0.006704217288643122
20,99,900,b,26550,29490,0.0054809474386274815,0.007190580014139414,0.031005859375,0.0017332551069557667,0.002594086341559887,0.003555856179445982,0.003465168410912156,0.0047419024631381035,0.006151584908366203
21,99,900,a,28120,14060,0.005589227192103863,0.007317892741411924,0.010498046875,0.0017519419780001044,0.0025937948375940323,0.003858215408399701,0.0034936184529215097,0.004793207626789808,0.006587760988622904
22,99,900,a,28304,14152,0.005731274373829365,0.008196000009775162,0.002685546875,0.0017513835337013006,0.0025926572270691395,0.0037743893917649984,0.003489337395876646,0.004737237002700567,0.006231975741684437
23,99,900,b,26678,29554,0.005500394385308027,0.007239704951643944,0.006591796875,0.0017425557598471642,0.0025917671155184507,0.003967280499637127,0.00348035735078156,0.004772469867020845,0.006628388073295355
24,99,900,b,28774,30602,0.005623914301395416,0.0074843778274953365,0.0107421875,0.0017306129448115826,0.0025914947036653757,0.0036867172457277775,0.003455879632383585,0.004772927612066269,0.006524150725454092
25,99,900,a,27384,13692,0.00585552491247654,0.007738998159766197,0.02978515625,0.001732050091959536,0.0025906334631145,0.0035757136065512896,0.0034627611748874187,0.004754441324621439,0.006125596817582846
26,99,900,a,25968,12984,0.005945698358118534,0.007731178775429726,0.031494140625,0.0017285188660025597,0.0025890334509313107,0.0037386445328593254,0.0034579404164105654,0.004760201089084148,0.006144925486296415
27,99,900,a,27904,13952,0.0059677548706531525,0.00796743668615818,0.0068359375,0.001752405776642263,0.0025878718588501215,0.0039297230541706085,0.003492861520498991,0.004821846727281809,0.006920150015503168
28,99,900,a,26936,13468,0.005487870890647173,0.007154111284762621,0.0078125,0.0017221968155354261,0.0025873363483697176,0.0037475530989468098,0.0034431179519742727,0.004736045375466347,0.006373724900186062
29,99,900,a,27896,13948,0.0056182160042226315,0.007446035277098417,0.0009765625,0.001753977034240961,0.0025864390190690756,0.0037873475812375546,0.003495428478345275,0.004771782550960779,0.006442480254918337
30,99,900,a,25976,12988,0.005929006729274988,0.007752837613224983,0.018798828125,0.0017311779083684087,0.002584235742688179,0.0036332057788968086,0.003460526466369629,0.004730841610580683,0.006225701421499252
31,99,900,a,27192,13596,0.0055322120897471905,0.007219912018626928,0.021240234375,0.0017538955435156822,0.002583372173830867,0.0035921277012676,0.003493534168228507,0.004740425385534763,0.006143295671790838
32,99,900,a,27408,13704,0.005745749454945326,0.007568277884274721,0.0166015625,0.0017318258760496974,0.002583131892606616,0.0037695388309657574,0.003459299448877573,0.004747246857732534,0.006682598497718573
33,99,900,a,27128,13564,0.006064686458557844,0.007957027293741703,0.001220703125,0.0017452200409024954,0.002583107678219676,0.003499024547636509,0.003480944549664855,0.004707430489361286,0.005930787418037653
34,99,900,a,28056,14028,0.0058975801803171635,0.0077646467834711075,0.00830078125,0.0017429086146876216,0.002582959597930312,0.0038847450632601976,0.0034762483555823565,0.004683186765760183,0.006206501740962267
35,99,900,b,26310,29370,0.00549153471365571,0.007204859051853418,0.00634765625,0.0017276057042181492,0.002582940272986889,0.0038084997795522213,0.003451999044045806,0.004720704164355993,0.006399049423635006
36,99,900,a,28280,14140,0.005866172723472118,0.007898012176156044,0.001220703125,0.0017469648737460375,0.0025828718207776546,0.0043500252068042755,0.0034875287674367428,0.004713980946689844,0.0075046648271381855
37,99,900,a,27520,13760,0.005508142057806253,0.0073544648475945,0.015380859375,0.0017388849519193172,0.0025825086049735546,0.003632666077464819,0.0034710976760834455,0.004726358689367771,0.006176602561026812
38,99,900,a,27352,13676,0.005733384285122156,0.007665461394935846,0.012451171875,0.0017409857828170061,0.0025811491068452597,0.0038399449549615383,0.0034732911735773087,0.0047004674561321735,0.006808568257838488
39,99,900,a,28904,14452,0.0058951787650585175,0.007757952902466059,0.013916015625,0.0017380057834088802,0.0025805176701396704,0.0042024836875498295,0.0034709791652858257,0.004770477768033743,0.007080554496496916
40,99,900,a,26976,13488,0.005735260900110006,0.007526742294430733,0.003662109375,0.0017354396404698491,0.002580115105956793,0.003993252757936716,0.0034665511921048164,0.00472037261351943,0.0068037440069019794
41,99,900,b,26710,29570,0.00556886475533247,0.00741864088922739,0.020751953125,0.0017400085926055908,0.002579799620434642,0.003602131735533476,0.0034777347464114428,0.004736574832350016,0.006239881739020348
42,99,900,a,28112,14056,0.005815621465444565,0.007653733249753714,0.010986328125,0.0017338491743430495,0.0025795227847993374,0.004183230455964804,0.003461812622845173,0.004691574722528458,0.0070818099193274975
43,99,900,a,27320,13660,0.005819737911224365,0.00775139918550849,0.02099609375,0.001739904866553843,0.0025788522325456142,0.003982339985668659,0.0034723265562206507,0.0047255996614694595,0.006894619204103947
44,99,900,a,26952,13476,0.005634545814245939,0.0073556737042963505,0.007080078125,0.0017455199267715216,0.0025786063633859158,0.0037866286002099514,0.003480082843452692,0.004746765363961458,0.006356160156428814
45,99,900,b,26142,29286,0.005684934090822935,0.0075380378402769566,0.00146484375,0.0017433756729587913,0.0025778133422136307,0.0036696388851851225,0.00347795058041811,0.004749585408717394,0.006264984142035246
46,99,900,a,28872,14436,0.005634827073663473,0.007435510866343975,0.00390625,0.0017342597711831331,0.002577621955424547,0.003746240632608533,0.0034679595846682787,0.004734503570944071,0.00656169094145298
47,99,900,b,26646,29538,0.00569295696914196,0.007521015591919422,0.018310546875,0.0017516521038487554,0.002577422885224223,0.0036624439526349306,0.0034908519592136145,0.004762632306665182,0.006209793034940958
48,99,900,a,28288,14144,0.00567601015791297,0.007421938702464104,0.00048828125,0.0017358276527374983,0.0025771346408873796,0.0038975821807980537,0.003464739304035902,0.004740233067423105,0.006795830558985472
49,99,900,a,28000,14000,0.005983344279229641,0.008083323948085308,0.0126953125,0.0017410649452358484,0.0025764722377061844,0.003927759826183319,0.0034728245809674263,0.004716559313237667,0.0063832541927695274
50,99,900,a,27336,13668,0.005766024813055992,0.0075238714925944805,0.010498046875,0.0017349644331261516,0.002576330443844199,0.0037322661373764277,0.0034642068203538656,0.0047733373939991,0.006480492651462555
51,99,900,a,29032,14516,0.005743191111832857,0.007806312758475542,0.0166015625,0.001750148250721395,0.002576274098828435,0.0037681881804019213,0.0034868542570620775,0.004687461070716381,0.006421167869120836
52,99,900,a,27216,13608,0.00575789762660861,0.007768529001623392,0.002685546875,0.001729645999148488,0.0025761688593775034,0.003997450228780508,0.003455865429714322,0.0047208042815327644,0.006488798651844263
53,99,900,a,28088,14044,0.0054254718124866486,0.00710588414222002,0.00390625,0.0017379130003973842,0.002576057333499193,0.0035409778356552124,0.0034657290671020746,0.0047504836693406105,0.006037278566509485
54,99,900,a,27928,13964,0.005669949110597372,0.0075300284661352634,0.007080078125,0.0017461783718317747,0.00257562636397779,0.0034934398718178272,0.003487356472760439,0.00472992705181241,0.005972796585410833
55,99,900,b,26262,29346,0.005589296109974384,0.007316763512790203,0.007080078125,0.0017427809070795774,0.0025755702517926693,0.0037993385922163725,0.0034789019264280796,0.004771505016833544,0.006375918630510569
56,99,900,b,26078,29254,0.0057513900101184845,0.007588737178593874,0.01123046875,0.0017297023441642523,0.002575032878667116,0.003585262456908822,0.003455572761595249,0.004676608368754387,0.006194342393428087
57,99,900,b,26238,29334,0.005667280405759811,0.0074122208170592785,0.008056640625,0.0017289546085521579,0.002574304584413767,0.0032574336510151625,0.0034591928124427795,0.004757012240588665,0.0056786248460412025
58,99,900,a,28072,14036,0.0056299371644854546,0.007459729444235563,0.008544921875,0.0017505339346826077,0.002574056852608919,0.0038137517403811216,0.0034882251638919115,0.004713235888630152,0.006647416390478611
59,99,900,a,27160,13580,0.005653820000588894,0.007394797634333372,0.001953125,0.0017324791988357902,0.0025736934039741755,0.003964858129620552,0.0034626424312591553,0.004742150194942951,0.006318089086562395
60,99,900,a,27480,13740,0.005786251276731491,0.0076826480217278,0.000732421875,0.001762533443979919,0.0025733611546456814,0.003940877038985491,0.003505242522805929,0.0047200932167470455,0.00682539539411664
61,99,900,a,27416,13708,0.005649343132972717,0.007361968047916889,0.01025390625,0.0017577982507646084,0.002573198638856411,0.004051009193062782,0.0034980010241270065,0.004701428581029177,0.006814328022301197
62,99,900,b,29206,30818,0.0053967637941241264,0.007008782122284174,0.021240234375,0.001715459511615336,0.0025730328634381294,0.004257283639162779,0.0034347050823271275,0.004750985186547041,0.00696850661188364
63,99,900,a,27592,13796,0.005928299389779568,0.00788384210318327,0.009033203125,0.0017400042852386832,0.0025719047989696264,0.0036987813655287027,0.0034716317895799875,0.00468360586091876,0.006234688684344292
64,99,900,a,27432,13716,0.00588538683950901,0.007807910442352295,0.016845703125,0.0017354941228404641,0.0025715467054396868,0.003846885170787573,0.003466011257842183,0.004751925822347403,0.006492913700640202
65,99,900,a,28528,14264,0.005812923889607191,0.007659772876650095,0.01171875,0.001727663679048419,0.0025712258648127317,0.0034699363168329,0.0034529713448137045,0.0047067380510270596,0.005876428913325071
66,99,900,a,27168,13584,0.005373336840420961,0.0069680847227573395,0.001708984375,0.0017265904461964965,0.0025711385533213615,0.003763122484087944,0.003450247459113598,0.004709972999989986,0.00655009038746357
67,99,900,a,27544,13772,0.005645464640110731,0.0074876947328448296,0.008544921875,0.0017445757985115051,0.002570873824879527,0.003633055603131652,0.003481958992779255,0.004758484661579132,0.006323863286525011
68,99,900,a,27328,13664,0.005715280305594206,0.007490196730941534,0.018798828125,0.001735898433253169,0.0025707574095577,0.004079725127667189,0.003466728376224637,0.00476419972255826,0.007062136195600033
69,99,900,b,26206,29318,0.005586025770753622,0.00725563196465373,0.0087890625,0.001741091487929225,0.0025705795269459486,0.0036452277563512325,0.003474476048722863,0.004720681346952915,0.006396051030606031
70,99,900,a,27392,13696,0.005782943218946457,0.007595909759402275,0.034423828125,0.0017393637681379914,0.002570495940744877,0.003297063522040844,0.0034721216652542353,0.004713837057352066,0.00584842124953866
71,99,900,b,26270,29350,0.005799734964966774,0.007623123005032539,0.005615234375,0.0017307278467342257,0.002570468932390213,0.0036693529691547155,0.0034598472993820906,0.004721110220998526,0.006201968528330326
72,99,900,a,27176,13588,0.005951390136033297,0.0080183120444417,0.000732421875,0.0017342034261673689,0.0025702312123030424,0.003816550364717841,0.0034645874984562397,0.0047171395272016525,0.006739194970577955
73,99,900,a,27208,13604,0.005790800787508488,0.007745944429188967,0.011474609375,0.0017387227853760123,0.0025702191051095724,0.003969450946897268,0.0034686364233493805,0.004713108763098717,0.006426223553717136
74,99,900,a,27832,13916,0.0059303720481693745,0.007815234363079071,0.009765625,0.0017350009875372052,0.0025697138626128435,0.003974626772105694,0.0034635034389793873,0.0046926746144890785,0.006474875379353762
75,99,900,b,28662,30546,0.005495269782841206,0.007246390916407108,0.014404296875,0.001720343017950654,0.0025695853400975466,0.003491876181215048,0.0034426229540258646,0.0046927426010370255,0.006068582646548748
76,99,900,a,26072,13036,0.005551919341087341,0.007317403331398964,0.00634765625,0.0017215199768543243,0.00256944983266294,0.0034047269728034735,0.0034467028453946114,0.00468377536162734,0.006084171589463949
77,99,900,a,28344,14172,0.006010343320667744,0.007773419842123985,0.00732421875,0.001749625545926392,0.0025693238712847233,0.003919099923223257,0.003487451933324337,0.0047696600668132305,0.006614189129322767
78,99,900,a,28336,14168,0.005829909350723028,0.007732487749308348,0.02197265625,0.0017413487657904625,0.002568865893408656,0.003764302236959338,0.0034743137657642365,0.004748866893351078,0.006337407510727644
79,99,900,a,27584,13792,0.005740828346461058,0.007432619575411081,0.005859375,0.0017500772373750806,0.002568767638877034,0.0038385302759706974,0.003489166032522917,0.004715677350759506,0.006461832672357559
80,99,900,a,26064,13032,0.005539808887988329,0.007320642936974764,0.006591796875,0.001742854597978294,0.0025687608867883682,0.003853005589917302,0.0034832896199077368,0.004745117854326963,0.006285385228693485
81,99,900,a,26960,13480,0.005639845971018076,0.0074724494479596615,0.000732421875,0.001737792044878006,0.0025685951113700867,0.0034306698944419622,0.003467404516413808,0.0047048055566847324,0.005906334612518549
82,99,900,a,28256,14128,0.005457078572362661,0.007359490729868412,0.001953125,0.0017228848300874233,0.0025679266545921564,0.003538887482136488,0.003447744296863675,0.004734143149107695,0.006114198360592127
83,99,900,a,27024,13512,0.005815291777253151,0.00777712557464838,0.017333984375,0.001747852424159646,0.0025676789227873087,0.003546504769474268,0.003480080747976899,0.004734116140753031,0.005969066172838211
84,99,900,a,27552,13776,0.005670054815709591,0.007392773870378733,0.008544921875,0.0017494315980002284,0.0025674954522401094,0.0036044777370989323,0.003486429341137409,0.004701987840235233,0.005998613312840462
85,99,900,a,27144,13572,0.005596988834440708,0.0073132142424583435,0.008544921875,0.0017500208923593163,0.002567253541201353,0.004150628577917814,0.0034875129349529743,0.0047238171100616455,0.00669371010735631
86,99,900,a,28640,14320,0.005869546439498663,0.007678501773625612,0.01513671875,0.0017308058449998498,0.0025670481845736504,0.003822837956249714,0.0034593073651194572,0.004698879085481167,0.0069168806076049805
87,99,900,a,26056,13028,0.006025266833603382,0.008059822022914886,0.008056640625,0.0017273597186431289,0.002566355047747493,0.0035453655291348696,0.003457315731793642,0.004759036935865879,0.006171342451125383
88,99,900,b,26166,29298,0.005577601492404938,0.007284478284418583,0.006103515625,0.0017264644848182797,0.0025660840328782797,0.0035922497045248747,0.003452816279605031,0.00466621108353138,0.006092923227697611
89,99,900,a,29144,14572,0.005725617054849863,0.007546361070126295,0.016357421875,0.0017359296325594187,0.0025658258236944675,0.0036433637142181396,0.0034676636569201946,0.004748817998915911,0.006120959296822548
90,99,900,a,28248,14124,0.005754315759986639,0.007786629255861044,0.00048828125,0.0017285984940826893,0.0025653312914073467,0.003892196575179696,0.003456119215115905,0.004688784014433622,0.006518647074699402
91,99,900,a,27728,13864,0.005792511161416769,0.007843931205570698,0.011962890625,0.0017419429495930672,0.0025645610876381397,0.00369982304982841,0.00347879808396101,0.00471014017239213,0.006596191320568323
92,99,900,a,28216,14108,0.005773555487394333,0.0077429041266441345,0.00537109375,0.0017326250672340393,0.0025639452505856752,0.00382738234475255,0.0034612868912518024,0.004687829874455929,0.006599668879061937
93,99,900,a,28232,14116,0.005636713467538357,0.007376485969871283,0.00146484375,0.001726561109535396,0.0025633927434682846,0.003900819458067417,0.0034540488850325346,0.004731388296931982,0.006609182804822922
94,99,900,a,27864,13932,0.005728932563215494,0.007718551438301802,0.00048828125,0.0017348559340462089,0.002563040005043149,0.0035274832043796778,0.003465506946668029,0.004697614349424839,0.006022355519235134
95,99,900,b,26638,29534,0.0057243169285357,0.007614218629896641,0.02197265625,0.0017353104194626212,0.00256293173879385,0.0035920932423323393,0.003467310918495059,0.004726857412606478,0.006090555340051651
96,99,900,b,26318,29374,0.005701217334717512,0.00754809333011508,0.01318359375,0.001721182488836348,0.002562842098996043,0.003438616869971156,0.003443524008616805,0.0047360435128211975,0.006192003842443228
97,99,900,b,26654,29542,0.005847497843205929,0.007853872142732143,0.019287109375,0.0017419583164155483,0.002562445355579257,0.00330551085062325,0.0034815927501767874,0.0047182259149849415,0.00599913764744997
98,99,900,b,26110,29270,0.005823587998747826,0.007799455896019936,0.01318359375,0.0017350405687466264,0.0025623012334108353,0.003698009066283703,0.003466211259365082,0.004698564764112234,0.0062834289856255054
99,99,900,a,27960,13980,0.005954524036496878,0.008104214444756508,0.001708984375,0.0017404805403202772,0.002562100999057293,0.003634982043877244,0.0034763275180011988,0.004694455768913031,0.006354472134262323
100,99,900,a,28384,14192,0.006108115892857313,0.008162610232830048,0.003173828125,0.0017327411333099008,0.002561671659350395,0.0036761113442480564,0.0034620848018676043,0.004732724279165268,0.006085232365876436
101,99,900,a,28272,14136,0.005801444873213768,0.0076126595959067345,0.008056640625,0.001735453843139112,0.0025614998303353786,0.0034572200383991003,0.0034681358374655247,0.004729934502393007,0.0059438422322273254
102,99,900,a,26240,13120,0.005832288879901171,0.00774193974211812,0.016845703125,0.0017198245041072369,0.0025614898186177015,0.0042271302081644535,0.003443339839577675,0.004754286725074053,0.0068520535714924335
103,99,900,b,28142,30286,0.0055473376996815205,0.007282457780092955,0.034912109375,0.0017078545643016696,0.0025614644400775433,0.003481608349829912,0.003428227035328746,0.0047076111659407616,0.00610044552013278
104,99,900,b,26150,29290,0.00577539624646306,0.007699622306972742,0.00048828125,0.0017443607794120908,0.002561393426731229,0.003483471227809787,0.003478532424196601,0.004677569959312677,0.005947514437139034
105,99,900,a,28504,14252,0.005761231295764446,0.007645373698323965,0.003662109375,0.0017276396974921227,0.002561187371611595,0.003591610351577401,0.0034560388885438442,0.004702311474829912,0.006208357866853476
106,99,900,a,28792,14396,0.005659408401697874,0.00769339594990015,0.00390625,0.0017225501360371709,0.0025609685108065605,0.0036143187899142504,0.003453893819823861,0.004729172680526972,0.006321886088699102
107,99,900,b,27878,30154,0.005098517518490553,0.006875089835375547,0.01025390625,0.0017247865907847881,0.0025608642026782036,0.0034005860798060894,0.0034471452236175537,0.004688991233706474,0.00569853326305747
108,99,900,a,27400,13700,0.005834568291902542,0.0076298946514725685,0.029296875,0.0017457996727898717,0.002560690976679325,0.003828490385785699,0.0034816397819668055,0.004687608685344458,0.006365333218127489
109,99,900,a,28784,14392,0.005607202649116516,0.007605627179145813,0.005126953125,0.0017350652487948537,0.002559895161539316,0.003746897680684924,0.0034686129074543715,0.00474903779104352,0.0065435017459094524
110,99,900,a,28040,14020,0.005836925469338894,0.007791134528815746,0.00048828125,0.0017378717893734574,0.0025596837513148785,0.003962985705584288,0.0034706848673522472,0.0047217425890266895,0.006745564751327038
111,99,900,a,28104,14052,0.005671599879860878,0.007546062581241131,0.010009765625,0.0017238408327102661,0.0025594825856387615,0.003691305872052908,0.0034490416292101145,0.004681163467466831,0.006109459325671196
112,99,900,a,29064,14532,0.005828745197504759,0.007734928745776415,0.02099609375,0.0017249684315174818,0.002558741718530655,0.003493628231808543,0.003447202267125249,0.004717377945780754,0.005881207529455423
113,99,900,a,26088,13044,0.005505532957613468,0.007265811320394278,0.007080078125,0.0017183893360197544,0.0025586464907974005,0.0038100925739854574,0.0034396082628518343,0.00470625888556242,0.00663568964228034
114,99,900,b,26158,29294,0.005472452379763126,0.0072015514597296715,0.000244140625,0.001745288260281086,0.002558609237894416,0.0035963552072644234,0.003481633961200714,0.0046821595169603825,0.006138520315289497
115,99,900,a,28176,14088,0.005629716906696558,0.0072813634760677814,0.017578125,0.001741998945362866,0.002558516338467598,0.003599858842790127,0.003479656996205449,0.004699715878814459,0.0060791149735450745
116,99,900,a,28944,14472,0.005723223555833101,0.007759181782603264,0.00048828125,0.0017329442780464888,0.0025585079565644264,0.0037044498603791,0.0034600605722516775,0.004709354601800442,0.006249424535781145
117,99,900,a,27040,13520,0.005691256839782,0.007631623651832342,0.009033203125,0.0017390074208378792,0.002558371750637889,0.004321435932070017,0.0034679644741117954,0.004648628644645214,0.006965920329093933
118,99,900,a,27112,13556,0.005593272857367992,0.0073794047348201275,0.0029296875,0.0017341114580631256,0.002558237873017788,0.0036949117202311754,0.00346433836966753,0.004713792819529772,0.006294697057455778
119,99,900,b,28158,30294,0.005834637675434351,0.0076601686887443066,0.030029296875,0.0017151042120531201,0.0025578541681170464,0.003982091788202524,0.0034340424463152885,0.004684031009674072,0.006643183995038271
120,99,900,a,27288,13644,0.005841364618390799,0.007700396701693535,0.0126953125,0.0017568648327142,0.002557379426434636,0.0038286829367280006,0.0034969542175531387,0.004748036153614521,0.006150006782263517
121,99,900,a,26912,13456,0.005475031677633524,0.007242628838866949,0.0029296875,0.001729498733766377,0.0025572653394192457,0.0041393316350877285,0.003454397199675441,0.004725034348666668,0.006786862853914499
122,99,900,a,28552,14276,0.006072966381907463,0.00795366708189249,0.01806640625,0.001724017085507512,0.002556890482082963,0.004178966861218214,0.003448009956628084,0.0046570743434131145,0.006739452946931124
123,99,900,b,27822,30126,0.005195203702896833,0.006805235054343939,0.000732421875,0.0017075930954888463,0.0025564427487552166,0.0036941897124052048,0.003424132941290736,0.00466097891330719,0.006197548005729914
124,99,900,a,27424,13712,0.005768684670329094,0.007457218132913113,0.008544921875,0.0017468947917222977,0.0025563801173120737,0.004229971673339605,0.003478612983599305,0.004685358144342899,0.006715311203151941
125,99,900,a,28912,14456,0.005710940808057785,0.00748315779492259,0.006103515625,0.0017304981593042612,0.0025560976937413216,0.003638876834884286,0.0034581359941512346,0.004734468646347523,0.0062811668030917645
126,99,900,a,28312,14156,0.005625757854431868,0.007434042636305094,0.011474609375,0.0017407977720722556,0.002555947983637452,0.003505373140797019,0.0034734411165118217,0.004666282795369625,0.006139581091701984
127,99,900,a,28704,14352,0.005495643243193626,0.007530710194259882,0.000732421875,0.0017271393444389105,0.0025554304011166096,0.0034708178136497736,0.003456676146015525,0.004704240243881941,0.006221060641109943
128,99,900,b,27798,30114,0.005489653442054987,0.007233676966279745,0.005859375,0.0017227467615157366,0.002555007580667734,0.003975172061473131,0.003443319583311677,0.004670517053455114,0.00658993748947978
129,99,900,b,26414,29422,0.005617163144052029,0.007414647378027439,0.0244140625,0.00172864506021142,0.002554787788540125,0.003648206824436784,0.003457831684499979,0.004730554763227701,0.006135587580502033
130,99,900,b,26022,29226,0.0058405837044119835,0.007619763258844614,0.027587890625,0.001730534015223384,0.0025547021068632603,0.0034700629767030478,0.0034585311077535152,0.0047230469062924385,0.00617145374417305
131,99,900,b,28790,30610,0.005934437271207571,0.007940612733364105,0.017578125,0.0017371086869388819,0.0025534708984196186,0.0041361101903021336,0.0034690999891608953,0.00469015259295702,0.0069502065889537334
132,99,900,a,27672,13836,0.005719824694097042,0.0075054834596812725,0.010986328125,0.0017370576970279217,0.0025534413289278746,0.004367241635918617,0.0034690452739596367,0.004693551454693079,0.007158743683248758
133,99,900,b,26990,29710,0.005593451205641031,0.007395287975668907,0.0224609375,0.0017309939721599221,0.0025531442370265722,0.0041563804261386395,0.0034611616283655167,0.004713618196547031,0.006745473016053438
134,99,900,a,28976,14488,0.005869091954082251,0.0077065834775567055,0.030517578125,0.001726023736409843,0.002553020603954792,0.0035348350647836924,0.0034479929599910975,0.004688255954533815,0.006074368953704834
135,99,900,a,25952,12976,0.0055399369448423386,0.007251255214214325,0.013671875,0.0017328265821561217,0.0025528271216899157,0.003840858116745949,0.003463624743744731,0.004688804037868977,0.006533412262797356
136,99,900,a,27312,13656,0.0055761621333658695,0.007195611484348774,0.020263671875,0.001743901171721518,0.0025527644902467728,0.0037424759939312935,0.003481638617813587,0.004676102194935083,0.0064633977599442005
137,99,900,a,27016,13508,0.0054416595958173275,0.00722621101886034,0.015625,0.0017393752932548523,0.0025525130331516266,0.003923546057194471,0.003466756781563163,0.004761866293847561,0.006648105103522539
138,99,900,a,26944,13472,0.005407219752669334,0.007040192373096943,0.001953125,0.0017153510125353932,0.0025519859045743942,0.003746285568922758,0.0034316452220082283,0.004730066750198603,0.0063970088958740234
139,99,900,a,27048,13524,0.005580827593803406,0.0074367523193359375,0.015869140625,0.001734591438435018,0.0025518795009702444,0.0038054557517170906,0.0034575413446873426,0.004737516865134239,0.00619095703586936
140,99,900,b,26246,29338,0.005677334498614073,0.007572670932859182,0.00537109375,0.0017343283398076892,0.002551834098994732,0.00362460152246058,0.00346302124671638,0.0047207185998559,0.006299951113760471
141,99,900,b,26126,29278,0.00562311289831996,0.007322911638766527,0.00146484375,0.0017376085743308067,0.0025516548193991184,0.003572312882170081,0.0034677048679441214,0.004691064823418856,0.006135191768407822
142,99,900,b,26518,29474,0.005648704711347818,0.007361969444900751,0.02001953125,0.0017220956506207585,0.00255012814886868,0.0035147264134138823,0.003448908217251301,0.004728219471871853,0.006174652371555567
143,99,900,b,26366,29398,0.0056207249872386456,0.007448873948305845,0.0078125,0.0017258751904591918,0.0025500962510704994,0.0037779014091938734,0.0034508865792304277,0.0046915290877223015,0.006208846345543861
144,99,900,a,27744,13872,0.005704708397388458,0.007540430873632431,0.015869140625,0.0017425252590328455,0.0025498976465314627,0.004712773486971855,0.003479413688182831,0.0046906499192118645,0.008024663664400578
145,99,900,b,27614,30022,0.0050728814676404,0.006679615005850792,0.0166015625,0.0017037289217114449,0.0025496864691376686,0.0039992970414459705,0.003420211374759674,0.00466686487197876,0.0066497051157057285
146,99,900,b,26198,29314,0.005716420244425535,0.007497269194573164,0.000244140625,0.0017277320148423314,0.0025491805281490088,0.003565045539289713,0.0034536998718976974,0.004685233347117901,0.0060089826583862305
147,99,900,a,28080,14040,0.005807189270853996,0.007795738987624645,0.009033203125,0.0017282754415646195,0.0025491316337138414,0.0037307878956198692,0.003453249577432871,0.004659169353544712,0.006344588939100504
148,99,900,a,27920,13960,0.005595400929450989,0.007512040436267853,0.012939453125,0.0017366588581353426,0.0025490487460047007,0.0035534147173166275,0.003468927461653948,0.004673630930483341,0.006174708250910044
149,99,900,b,26094,29262,0.006009092554450035,0.007978400215506554,0.006103515625,0.001741879852488637,0.0025488194078207016,0.003542855381965637,0.0034766336902976036,0.004702385980635881,0.006301035638898611
150,99,900,a,27680,13840,0.005574909504503012,0.007332904264330864,0.007080078125,0.0017375706229358912,0.002548817079514265,0.0035703382454812527,0.0034681272227317095,0.004676278214901686,0.006023588124662638
151,99,900,a,28128,14064,0.005778895691037178,0.0076318769715726376,0.01708984375,0.0017280831234529614,0.0025484447833150625,0.003668887307867408,0.0034574337769299746,0.004695576149970293,0.006178230978548527
152,99,900,a,27496,13748,0.005556564778089523,0.00729110324755311,0.003173828125,0.0017579409759491682,0.0025484394282102585,0.003629398765042424,0.0035010105930268764,0.004725179634988308,0.006159071810543537
153,99,900,a,26152,13076,0.005483674351125956,0.007272027432918549,0.004150390625,0.0017176588298752904,0.0025483379140496254,0.003389862598851323,0.0034430352970957756,0.0047277770936489105,0.005846534390002489
154,99,900,a,26040,13020,0.00541287288069725,0.007136124651879072,0.001708984375,0.0017422573873773217,0.0025482280179858208,0.003633883548900485,0.0034828120842576027,0.004696596413850784,0.006178016308695078
155,99,900,b,26686,29558,0.005513657815754414,0.007371335290372372,0.015380859375,0.0017328013200312853,0.0025481125339865685,0.0036166785284876823,0.00346397771500051,0.004698475357145071,0.00638627028092742
156,99,900,a,27976,13988,0.005798073951154947,0.007547516841441393,0.001708984375,0.0017463945550844073,0.00254786666482687,0.0035389915574342012,0.003482671920210123,0.004727368243038654,0.006091124843806028
157,99,900,b,26278,29354,0.005987593904137611,0.007882383652031422,0.001220703125,0.0017235486302524805,0.002547675045207143,0.003907287027686834,0.0034469750244170427,0.004686425905674696,0.006552976556122303
158,99,900,b,29182,30806,0.005473974626511335,0.007266120053827763,0.01025390625,0.0017297571757808328,0.0025476159062236547,0.003783656284213066,0.0034583224914968014,0.004686922766268253,0.006648434326052666
159,99,900,a,26968,13484,0.005745151545852423,0.0074981097131967545,0.001953125,0.001722686574794352,0.0025475865695625544,0.0036058647092431784,0.003444013651460409,0.004676369484513998,0.006000868510454893
160,99,900,b,28758,30594,0.006015417631715536,0.007831044495105743,0.01611328125,0.0017310540424659848,0.0025473968125879765,0.0038055144250392914,0.0034589264541864395,0.004677889868617058,0.006551452446728945
161,99,900,a,27616,13808,0.005970865022391081,0.007802049163728952,0.001220703125,0.0017240551533177495,0.0025473793502897024,0.0035239607095718384,0.003449788084253669,0.00467422092333436,0.0062975334003567696
162,99,900,a,28032,14016,0.005845365580171347,0.007639080751687288,0.010986328125,0.0017500580288469791,0.002547345357015729,0.0037613597232848406,0.0034889490343630314,0.004662046674638987,0.006318494211882353
163,99,900,a,25992,12996,0.00557576771825552,0.007224148139357567,0.017822265625,0.0017290969844907522,0.0025472037959843874,0.004586133640259504,0.003461041720584035,0.004682412836700678,0.007555678486824036
164,99,900,b,27854,30142,0.005262880120426416,0.007021166849881411,0.008056640625,0.001725527225062251,0.0025471386034041643,0.003906500060111284,0.003447554539889097,0.004643837921321392,0.006399397272616625
165,99,900,a,27704,13852,0.005716043058782816,0.0075004734098911285,0.002685546875,0.0017374231247231364,0.0025468410458415747,0.0034168707206845284,0.003471244825050235,0.004686529748141766,0.005757673643529415
166,99,900,a,27008,13504,0.005780699662864208,0.00771663524210453,0.0166015625,0.001726433401927352,0.002546141156926751,0.0036883107386529446,0.0034463293850421906,0.004689482972025871,0.006476425100117922
167,99,900,b,28886,30658,0.0056081837974488735,0.007282625883817673,0.0107421875,0.0017272126860916615,0.002546000061556697,0.004136658739298582,0.003455091966316104,0.004741670563817024,0.006827668286859989
168,99,900,b,28902,30666,0.00553457485511899,0.007284496445208788,0.0107421875,0.0017125136218965054,0.0025454270653426647,0.004044851288199425,0.0034329507034271955,0.004667269065976143,0.006648443639278412
169,99,900,a,28200,14100,0.005510582122951746,0.007246506866067648,0.009521484375,0.0017321719788014889,0.0025451728142797947,0.003853395115584135,0.003463959554210305,0.004689888563007116,0.006493182387202978
170,99,900,b,26230,29330,0.0056997863575816154,0.007440266665071249,0.005615234375,0.0017358915647491813,0.0025448347441852093,0.0036159795708954334,0.003468849929049611,0.004703867714852095,0.006117640528827906
171,99,900,a,29072,14536,0.006016481202095747,0.007914386689662933,0.013916015625,0.001736525446176529,0.002544444054365158,0.004032938741147518,0.0034648729488253593,0.0046998849138617516,0.006955096032470465
172,99,900,a,27184,13592,0.00584887620061636,0.00773196667432785,0.0068359375,0.0017350319540128112,0.0025439320597797632,0.003704783506691456,0.0034678441006690264,0.004690631292760372,0.00659590819850564
173,99,900,b,28606,30518,0.0054916501976549625,0.007093776948750019,0.00341796875,0.0017229759832844138,0.0025439108721911907,0.00359443505294621,0.003446146845817566,0.004670877940952778,0.00613428233191371
174,99,900,a,26112,13056,0.005614823196083307,0.007426192052662373,0.007080078125,0.001720324857160449,0.0025438673328608274,0.0037443407345563173,0.003446024376899004,0.004634480457752943,0.006276449654251337
175,99,900,a,28152,14076,0.005456758663058281,0.007202002685517073,0.000244140625,0.001725656446069479,0.002543793758377433,0.004033504519611597,0.003455129684880376,0.004724934231489897,0.006940906401723623
176,99,900,b,28766,30598,0.00562472827732563,0.007518220692873001,0.01416015625,0.001720710308291018,0.0025431460235267878,0.0038479322101920843,0.0034435398411005735,0.004705795552581549,0.006334496196359396
177,99,900,a,29056,14528,0.005757955834269524,0.007650458253920078,0.012451171875,0.0017440235242247581,0.002542849164456129,0.0034544242080301046,0.0034759421832859516,0.004745432175695896,0.005767066963016987
178,99,900,a,27152,13576,0.005854360293596983,0.007806634064763784,0.002197265625,0.0017433074535802007,0.0025422838516533375,0.004051961936056614,0.0034743130672723055,0.004705279599875212,0.006603359244763851
179,99,900,b,26566,29498,0.005592403467744589,0.007331963628530502,0.007568359375,0.0017300010658800602,0.002542167203500867,0.0035079079680144787,0.003455531317740679,0.004665853921324015,0.00604657968506217
180,99,900,a,26456,13228,0.005459960550069809,0.007338329683989286,0.001220703125,0.001731637865304947,0.002542067551985383,0.0034404019825160503,0.0034642298705875874,0.004676043055951595,0.006263949908316135
181,99,900,a,28672,14336,0.005689216312021017,0.007706167176365852,0.009765625,0.0017318689497187734,0.0025419280864298344,0.0038506125565618277,0.003463505068793893,0.004719362128525972,0.006432982627302408
182,99,900,a,26856,13428,0.005556606221944094,0.007480838801711798,0.019775390625,0.0017162160947918892,0.002541783032938838,0.003734887344762683,0.0034380152355879545,0.004682372324168682,0.006283662747591734
183,99,900,b,28782,30606,0.005729864351451397,0.007668481208384037,0.009765625,0.0017429986037313938,0.002541306195780635,0.004240084905177355,0.0034796297550201416,0.004691103007644415,0.007209978066384792
184,99,900,a,28896,14448,0.005860759411007166,0.007895001210272312,0.01025390625,0.001734254416078329,0.0025411515962332487,0.00380174838937819,0.0034690063912421465,0.004679055884480476,0.006452026776969433
185,99,900,b,26358,29394,0.0057303449138998985,0.007659415248781443,0.002197265625,0.0017235011328011751,0.0025411227252334356,0.003849607892334461,0.0034478327725082636,0.004712345078587532,0.006434151437133551
186,99,900,b,28742,30586,0.00545975286513567,0.007113051135092974,0.010009765625,0.0017227442003786564,0.002541089430451393,0.003867529099807143,0.0034466334618628025,0.0046858335845172405,0.006475275382399559
187,99,900,a,28368,14184,0.005633384920656681,0.007460624910891056,0.01513671875,0.0017382253427058458,0.0025409648660570383,0.0041730827651917934,0.0034733356442302465,0.004667986650019884,0.006897870916873217
188,99,900,b,26070,29250,0.005744743626564741,0.00752637255936861,0.0087890625,0.0017214472172781825,0.0025409539230167866,0.003470377065241337,0.0034439372830092907,0.004656963981688023,0.005986963864415884
189,99,900,a,27064,13532,0.005868169013410807,0.007758865598589182,0.0078125,0.0017423563404008746,0.002540871500968933,0.004911529365926981,0.0034763237927109003,0.004693728405982256,0.008000195026397705
190,99,900,b,28678,30554,0.005531085655093193,0.0072724707424640656,0.024658203125,0.0017313063144683838,0.002540384419262409,0.003609385574236512,0.003461227985098958,0.004664580803364515,0.006347890477627516
191,99,900,a,27656,13828,0.0059488071128726006,0.00784410908818245,0.01220703125,0.001728556933812797,0.002540362300351262,0.003364799777045846,0.0034557231701910496,0.004693699534982443,0.005903718061745167
192,99,900,b,27030,29730,0.005597664508968592,0.007444028742611408,0.018310546875,0.0017270141979679465,0.002539834240451455,0.0036678670439869165,0.003454107092693448,0.004654469899833202,0.006585593335330486
193,99,900,a,27872,13936,0.005539998412132263,0.007378575392067432,0.002685546875,0.0017370125278830528,0.0025396894197911024,0.0039414893835783005,0.0034660829696804285,0.004700943827629089,0.006449877750128508
194,99,900,b,28958,30694,0.0059326402842998505,0.007737030275166035,0.009033203125,0.0017131033819168806,0.0025396798737347126,0.004063570871949196,0.0034304559230804443,0.004674550611525774,0.007011523470282555
195,99,900,b,26222,29326,0.005969919264316559,0.007766825146973133,0.009033203125,0.0017278353916481137,0.002539458218961954,0.0036209372337907553,0.0034561019856482744,0.004676759243011475,0.006119028199464083
196,99,900,a,27120,13560,0.005775687750428915,0.00753302127122879,0.000732421875,0.0017262452747672796,0.002539439359679818,0.003340614028275013,0.0034518027678132057,0.004664560779929161,0.005834146868437529
197,99,900,b,26390,29410,0.0057552652433514595,0.0076844822615385056,0.0068359375,0.0017338834004476666,0.002539372304454446,0.0037203284446150064,0.003460168605670333,0.0046809641644358635,0.006386769004166126
198,99,900,b,26054,29242,0.005779745988547802,0.007647717371582985,0.0087890625,0.001736023579724133,0.0025393282994627953,0.0035336005967110395,0.003465064335614443,0.00467997882515192,0.006073204334825277
199,99,900,a,26080,13040,0.005557697266340256,0.0074022915214300156,0.008056640625,0.0017265002243220806,0.0025391774252057076,0.003684116993099451,0.003452544566243887,0.004686650354415178,0.006268167402595282
200,99,900,a,29000,14500,0.005845656152814627,0.007815449498593807,0.000244140625,0.0017290114192292094,0.002538850763812661,0.0037494932767003775,0.003454232355579734,0.00465902267023921,0.006285001989454031
201,99,900,b,26182,29306,0.005672914441674948,0.007401234935969114,0.015869140625,0.0017366299871355295,0.00253856647759676,0.003663431853055954,0.0034714017529040575,0.0046945540234446526,0.006317650433629751
202,99,900,a,28016,14008,0.005796852521598339,0.00778881786391139,0.005615234375,0.0017436961643397808,0.002538475440815091,0.0035111496690660715,0.0034797880798578262,0.004664970096200705,0.006086286623030901
203,99,900,a,26032,13016,0.005854928866028786,0.007655927445739508,0.001708984375,0.0017265962669625878,0.0025383103638887405,0.004479755647480488,0.0034550256095826626,0.0046973684802651405,0.007583859376609325
204,99,900,b,28718,30574,0.005551917478442192,0.0072609675116837025,0.019775390625,0.001730672549456358,0.002538209082558751,0.0037745237350463867,0.003461043816059828,0.004709427710622549,0.006265892181545496
205,99,900,a,28328,14164,0.005803587846457958,0.007623417768627405,0.0166015625,0.001741584506817162,0.0025381052400916815,0.003425253788009286,0.0034766055177897215,0.004678926896303892,0.006186399608850479
206,99,900,a,28760,14380,0.005347980186343193,0.007210972718894482,0.012451171875,0.0017129335319623351,0.0025379424914717674,0.004053162410855293,0.0034325190354138613,0.004695664159953594,0.006583989132195711
207,99,900,a,27736,13868,0.005703187081962824,0.007620718330144882,0.02001953125,0.001734767691232264,0.0025378400459885597,0.003826915053650737,0.0034659141674637794,0.004672706127166748,0.00647015031427145
208,99,900,a,27464,13732,0.005732670426368713,0.0075064487755298615,0.012451171875,0.0017483761766925454,0.0025376148987561464,0.0034976396709680557,0.003487030044198036,0.004693301860243082,0.006049297284334898
209,99,900,a,27784,13892,0.005711613688617945,0.007496977224946022,0.001708984375,0.0017338213510811329,0.002537338063120842,0.0033731122966855764,0.0034629174042493105,0.004672451876103878,0.005770314950495958
210,99,900,a,29112,14556,0.0057966927997767925,0.007548661902546883,0.02001953125,0.0017427471466362476,0.002537220250815153,0.0034749393817037344,0.0034752844367176294,0.004669493064284325,0.006384287495166063
211,99,900,b,28670,30550,0.005331917200237513,0.007047523278743029,0.02978515625,0.0017212560633197427,0.002537039341405034,0.003766868030652404,0.0034439093433320522,0.004673648159950972,0.006556761916726828
212,99,900,b,27038,29734,0.00560583034530282,0.007414146792143583,0.02490234375,0.0017147038597613573,0.0025367906782776117,0.00363332312554121,0.0034349276684224606,0.0046462384052574635,0.0062387785874307156
213,99,900,b,26302,29366,0.005666249431669712,0.007408743258565664,0.0107421875,0.001716722035780549,0.00253670965321362,0.003851777408272028,0.0034348336048424244,0.0046775732189416885,0.006513349711894989
214,99,900,a,27944,13972,0.005988992750644684,0.00801010336726904,0.00341796875,0.0017496172804385424,0.002536553656682372,0.003690216224640608,0.0034917076118290424,0.004682082682847977,0.006346482317894697
215,99,900,b,29222,30826,0.005238827783614397,0.006850146222859621,0.02294921875,0.0017206657212227583,0.002536505227908492,0.003695850260555744,0.003443472320213914,0.004682769067585468,0.006628917530179024
216,99,900,a,26904,13452,0.005770174786448479,0.007558356039226055,0.0009765625,0.0017230144003406167,0.0025364060420542955,0.00384698947891593,0.003444554517045617,0.004670684225857258,0.006392938084900379
217,99,900,b,26294,29362,0.005881919525563717,0.007638757582753897,0.014404296875,0.0017286421498283744,0.0025360744912177324,0.003951619379222393,0.003454666119068861,0.004720708355307579,0.006650124676525593
218,99,900,b,27870,30150,0.005328126717358828,0.007086944300681353,0.011474609375,0.0016968492418527603,0.002536064712330699,0.003587998216971755,0.003402407979592681,0.004638948943465948,0.006039349362254143
219,99,900,a,28048,14024,0.0055714198388159275,0.007473270408809185,0.01025390625,0.0017195632681250572,0.0025359175633639097,0.0036776650231331587,0.0034431391395628452,0.004642380401492119,0.006259677466005087
220,99,900,a,27344,13672,0.0058122966438531876,0.007691410835832357,0.01171875,0.0017227656207978725,0.00253586214967072,0.0036022886633872986,0.0034435088746249676,0.004662913270294666,0.006262878887355328
221,99,900,b,26286,29358,0.005753055214881897,0.007476043421775103,0.00830078125,0.0017345079686492682,0.0025356339756399393,0.0038719726726412773,0.0034660068340599537,0.004716895520687103,0.0067458851262927055
222,99,900,a,28064,14032,0.005567898508161306,0.0073998537845909595,0.004150390625,0.0017347453394904733,0.0025355308316648006,0.0037337900139391422,0.003465119516476989,0.004711514804512262,0.006589347030967474
223,99,900,b,27054,29742,0.0054918136447668076,0.0072849509306252,0.010009765625,0.0017183750169351697,0.0025353108067065477,0.004397027660161257,0.0034375092945992947,0.004662238527089357,0.007204085122793913
224,99,900,a,27088,13544,0.005816999357193708,0.0076577854342758656,0.000732421875,0.0017387294210493565,0.002535109641030431,0.0035149070899933577,0.0034712329506874084,0.0046407561749219894,0.006062219850718975
225,99,900,b,29214,30822,0.005249032285064459,0.006887802388519049,0.02197265625,0.0017082988051697612,0.002534933853894472,0.0041424063965678215,0.0034251471515744925,0.004694599658250809,0.0067726364359259605
226,99,900,b,26702,29566,0.00536846648901701,0.007016398478299379,0.0185546875,0.0017327265813946724,0.00253476994112134,0.003596455091610551,0.0034657439682632685,0.00469399057328701,0.006325095426291227
227,99,900,a,26120,13060,0.005452840123325586,0.007279186509549618,0.00048828125,0.0017337213503196836,0.0025346267502754927,0.003695705672726035,0.0034658426884561777,0.004702936392277479,0.006320159882307053
228,99,900,a,26000,13000,0.0058573768474161625,0.007602974306792021,0.015625,0.0017224914627149701,0.0025345387402921915,0.0034843243192881346,0.0034538942854851484,0.004657033830881119,0.006020303815603256
229,99,900,a,27104,13552,0.005953594110906124,0.007697376888245344,0.00634765625,0.0017343139043077826,0.0025343880988657475,0.0032973058987408876,0.003462910419330001,0.004677359946072102,0.005706433206796646
230,99,900,a,29048,14524,0.005760479252785444,0.007664047181606293,0.00146484375,0.0017374156741425395,0.0025343538727611303,0.003597909351810813,0.0034690487664192915,0.004676243755966425,0.006173314526677132
231,99,900,b,29198,30814,0.005199974402785301,0.006799862254410982,0.011962890625,0.001712078577838838,0.00253418181091547,0.0036201709881424904,0.003432503202930093,0.004686836618930101,0.006322454661130905
232,99,900,a,26984,13492,0.0055481744930148125,0.007241141516715288,0.006591796875,0.0017418951028957963,0.0025338854175060987,0.0034757936373353004,0.0034787198528647423,0.004693258088082075,0.006117560435086489
233,99,900,a,27056,13528,0.005695927422493696,0.007568369619548321,0.01025390625,0.0017269677482545376,0.00253317947499454,0.003552255453541875,0.0034513056743890047,0.004682568833231926,0.0058658430352807045
234,99,900,b,28174,30302,0.005237048026174307,0.006951439194381237,0.01806640625,0.0017063538543879986,0.002533108461648226,0.0036424107383936644,0.0034218202345073223,0.0046358369290828705,0.006217775400727987
235,99,900,a,29080,14540,0.005946557968854904,0.007831756956875324,0.013427734375,0.001717732404358685,0.002532800892367959,0.003916586749255657,0.003436650615185499,0.004668280482292175,0.0066891019232571125
236,99,900,a,28008,14004,0.005834770388901234,0.007593431510031223,0.000732421875,0.0017353602452203631,0.002532700076699257,0.0035757014993578196,0.003466276451945305,0.0046775764785707,0.006312754470854998
237,99,900,a,28800,14400,0.005663799587637186,0.0075150104239583015,0.001708984375,0.0017147200414910913,0.002532658400014043,0.003861464560031891,0.0034409796353429556,0.004666461609303951,0.0067705679684877396
238,99,900,a,28728,14364,0.005501680541783571,0.007286799140274525,0.0,0.001730534597299993,0.002532652812078595,0.003452085889875889,0.0034575539175421,0.004671101458370686,0.005757796112447977
239,99,900,a,28680,14340,0.005374543834477663,0.007278416771441698,0.005615234375,0.0017224287148565054,0.0025326095055788755,0.0036296683829277754,0.0034502765629440546,0.004656968638300896,0.006192977074533701
240,99,900,b,26622,29526,0.0056844367645680904,0.007380101829767227,0.01611328125,0.0017229905351996422,0.0025323117151856422,0.0034177012275904417,0.003448493778705597,0.004709093365818262,0.00589850265532732
241,99,900,a,28360,14180,0.005867155734449625,0.007743149064481258,0.008056640625,0.0017289668321609497,0.0025318313855677843,0.0034559916239231825,0.003457138314843178,0.004705682396888733,0.00601896783336997
242,99,900,b,27910,30170,0.005577217321842909,0.007445684168487787,0.010009765625,0.001706417417153716,0.0025318025145679712,0.0036103769671171904,0.00342059344984591,0.0046649291180074215,0.006460766773670912
243,99,900,a,26920,13460,0.005431411322206259,0.007207267917692661,0.0087890625,0.0017289009410887957,0.0025316858664155006,0.003402497386559844,0.0034536931198090315,0.004675755277276039,0.005910011008381844
244,99,900,a,28520,14260,0.005676842760294676,0.007518763653934002,0.007568359375,0.0017096238443627954,0.0025310362689197063,0.003401392139494419,0.00342377508059144,0.004665817134082317,0.006166112143546343
245,99,900,a,28752,14376,0.005690997466444969,0.007478679064661264,0.015869140625,0.0017225750489160419,0.0025309163611382246,0.003450209042057395,0.0034458565060049295,0.004662981256842613,0.005947900004684925
246,99,900,b,26190,29310,0.0057973433285951614,0.007606399245560169,0.017578125,0.0017282479675486684,0.002530867699533701,0.0035330515820533037,0.0034569937270134687,0.004660829436033964,0.006216034758836031
247,99,900,a,26136,13068,0.005809330381453037,0.007690099533647299,0.00634765625,0.00172915100120008,0.002530719619244337,0.0035981065593659878,0.003458949737250805,0.0046657901257276535,0.006231754086911678
248,99,900,b,27166,29798,0.005621021613478661,0.007514190394431353,0.0146484375,0.001714857411570847,0.002530597383156419,0.0048226299695670605,0.003436618484556675,0.00465422635897994,0.0077062975615262985
249,99,900,b,28910,30670,0.00538363354280591,0.007039577234536409,0.010009765625,0.0017309344839304686,0.002530563622713089,0.0035406758543103933,0.0034629451110959053,0.004688296467065811,0.0060133375227451324
250,99,900,a,25984,12992,0.00587668688967824,0.007728464435786009,0.014404296875,0.0017308553215116262,0.0025303326547145844,0.003942824434489012,0.0034624107647687197,0.004667889326810837,0.006617412436753511
251,99,900,a,27200,13600,0.005607353989034891,0.007429875433444977,0.014892578125,0.0017373525770381093,0.0025302444119006395,0.003673685248941183,0.0034674592316150665,0.004655248019844294,0.006318997126072645
252,99,900,a,29128,14564,0.005761130712926388,0.00755280489102006,0.02685546875,0.001736092264764011,0.002530222525820136,0.004062081687152386,0.0034640375524759293,0.004631535615772009,0.006532619707286358
253,99,900,a,27808,13904,0.005580553784966469,0.007281207013875246,0.0048828125,0.0017371922731399536,0.0025299363769590855,0.003781772218644619,0.003469754010438919,0.004720879253000021,0.006484693847596645
254,99,900,a,27248,13624,0.005658688489347696,0.007639582268893719,0.001953125,0.0017354240408167243,0.0025293559301644564,0.0038967099972069263,0.003468190785497427,0.004663321189582348,0.007189188152551651
255,99,900,a,28768,14384,0.005661706905812025,0.007582689169794321,0.001220703125,0.0017222689930349588,0.0025290639605373144,0.003500225255265832,0.0034482977353036404,0.004684681538492441,0.0060694580897688866
256,99,900,b,27582,30006,0.005712485406547785,0.007598742377012968,0.03759765625,0.0017157968832179904,0.0025290425401180983,0.0036419720854610205,0.003443882567808032,0.004680514335632324,0.006055811885744333
257,99,900,a,28824,14412,0.005858841352164745,0.007626337464898825,0.00537109375,0.0017193758394569159,0.0025287754833698273,0.0036569556687027216,0.003443943802267313,0.004663393832743168,0.006188311148434877
258,99,900,b,26878,29654,0.00571321789175272,0.007616508286446333,0.007568359375,0.0017198605928570032,0.0025287396274507046,0.0037457423750311136,0.0034437987487763166,0.004633698612451553,0.006315853446722031
259,99,900,a,29040,14520,0.005794222466647625,0.007730806712061167,0.008056640625,0.001726230839267373,0.0025286355521529913,0.003862772136926651,0.0034509683027863503,0.0046752323396503925,0.006612563971430063
260,99,900,b,27838,30134,0.005369506310671568,0.006939553655683994,0.001708984375,0.001708514872007072,0.002528292126953602,0.003467600094154477,0.00342365400865674,0.004653456620872021,0.005864514037966728
261,99,900,b,26446,29438,0.00564510328695178,0.007409770041704178,0.004638671875,0.001718744053505361,0.0025282721035182476,0.0042016939260065556,0.0034437517169862986,0.004711019806563854,0.006979181431233883
262,99,900,a,28720,14360,0.005596917122602463,0.0073113469406962395,0.002197265625,0.0017340193735435605,0.0025282339192926884,0.0035524782724678516,0.0034656107891350985,0.004670111928135157,0.006071118637919426
263,99,900,b,28814,30622,0.005789910443127155,0.00758883822709322,0.00830078125,0.001728309434838593,0.0025282015558332205,0.0036329657305032015,0.0034546549431979656,0.004652772098779678,0.006163829937577248
264,99,900,a,27512,13756,0.005536020267754793,0.007442761212587357,0.019287109375,0.0017420488875359297,0.0025279091205447912,0.0036498806439340115,0.0034759521950036287,0.0046814377419650555,0.006079445593059063
265,99,900,b,26542,29486,0.005499356426298618,0.007323164958506823,0.03271484375,0.0017261120956391096,0.002527813659980893,0.0034465105272829533,0.0034515573643147945,0.004661022685468197,0.0060190665535628796
266,99,900,b,26174,29302,0.005866958759725094,0.007742938119918108,0.008056640625,0.0017303575295954943,0.00252746744081378,0.004054950550198555,0.0034583858214318752,0.004674788098782301,0.006691270042210817
267,99,900,a,27952,13976,0.005727061536163092,0.007567419204860926,0.011962890625,0.001747439382597804,0.0025273796636611223,0.0037434338591992855,0.0034867788199335337,0.004701440222561359,0.006490292027592659
268,99,900,a,27224,13612,0.005732545629143715,0.007587292231619358,0.002685546875,0.001735410769470036,0.0025273303035646677,0.0035950043238699436,0.0034660170786082745,0.004662388935685158,0.0060401721857488155
269,99,900,a,28984,14492,0.005862279329448938,0.007765359245240688,0.017333984375,0.0017201869050040841,0.002527185482904315,0.0037150492426007986,0.00343929510563612,0.004656383767724037,0.006215790752321482
270,99,900,b,27742,30086,0.005665206350386143,0.007517041172832251,0.002685546875,0.0017113616922870278,0.0025269107427448034,0.003218508092686534,0.0034267804585397243,0.004673270042985678,0.005630385596305132
271,99,900,a,28880,14440,0.005666525103151798,0.007558795157819986,0.005859375,0.0017328414833173156,0.0025268488097935915,0.003387240692973137,0.0034597828052937984,0.004671723581850529,0.005846667569130659
272,99,900,a,28536,14268,0.005714658182114363,0.007690928410738707,0.023193359375,0.0016980363288894296,0.0025267554447054863,0.003703582100570202,0.0034091940615326166,0.004672328010201454,0.006382403429597616
273,99,900,b,27414,29922,0.005580500699579716,0.00736665166914463,0.051025390625,0.0017207772471010685,0.0025266404263675213,0.0036894783843308687,0.0034409037325531244,0.004674178548157215,0.006252408027648926
274,99,900,a,26264,13132,0.005852776113897562,0.007726918440312147,0.01025390625,0.0017199284629896283,0.002526605036109686,0.003643508767709136,0.003445084672421217,0.004698168486356735,0.006307157687842846
275,99,900,a,27800,13900,0.005544738378375769,0.007384248077869415,0.00634765625,0.0017125497106462717,0.0025264357682317495,0.004056152887642384,0.0034299343824386597,0.004665993619710207,0.006767732556909323
276,99,900,b,26574,29502,0.005442088004201651,0.007060473784804344,0.004638671875,0.0017236786661669612,0.0025264122523367405,0.003654452273622155,0.003447391092777252,0.0046489546075463295,0.006225396879017353
277,99,900,a,27440,13720,0.005843477789312601,0.007737882435321808,0.00537109375,0.001744858454912901,0.0025261419359594584,0.0038459033239632845,0.0034791231155395508,0.004668206907808781,0.006410266738384962
278,99,900,b,27406,29918,0.005495360121130943,0.007286377251148224,0.042236328125,0.0017109677428379655,0.002525891410186887,0.003511543618515134,0.003422612091526389,0.004664057865738869,0.006114782299846411
279,99,900,a,29120,14560,0.005720820277929306,0.007612590212374926,0.02001953125,0.001737900311127305,0.0025257933884859085,0.0034862509928643703,0.0034700408577919006,0.004705437459051609,0.0059339432045817375
280,99,900,a,29088,14544,0.005754566285759211,0.007787930779159069,0.015380859375,0.001724705914966762,0.002525651128962636,0.0034933891147375107,0.0034486930817365646,0.0046587614342570305,0.006140423472970724
281,99,900,b,28654,30542,0.005543090403079987,0.007163094822317362,0.015625,0.001721327193081379,0.0025256413500756025,0.0035638646222651005,0.003445614129304886,0.004677923861891031,0.0059561473317444324
282,99,900,b,28134,30282,0.005648543126881123,0.007303569000214338,0.0224609375,0.0017203043680638075,0.0025252155028283596,0.003576233983039856,0.0034469645470380783,0.004728239960968494,0.00622395658865571
283,99,900,a,28560,14280,0.005597352981567383,0.007390024606138468,0.01708984375,0.0017048848094418645,0.0025248422753065825,0.003912242595106363,0.0034212954342365265,0.004687991458922625,0.006311369128525257
284,99,900,a,29008,14504,0.005739165935665369,0.007715634535998106,0.0087890625,0.0017338352045044303,0.0025246453005820513,0.003948913421481848,0.003462502034381032,0.004677272867411375,0.006567563395947218
285,99,900,b,29158,30794,0.005471955984830856,0.007178850471973419,0.024169921875,0.0017204410396516323,0.002524498151615262,0.0037153649609535933,0.003448106348514557,0.004689560737460852,0.006618042476475239
286,99,900,a,28832,14416,0.005471409298479557,0.00714245717972517,0.01025390625,0.0017207643250003457,0.0025244818534702063,0.0035131587646901608,0.0034462956245988607,0.004662786144763231,0.006284893956035376
287,99,900,a,27712,13856,0.0054260664619505405,0.007190211210399866,0.00390625,0.0017342950450256467,0.0025242858100682497,0.00361816817894578,0.00346107454970479,0.004627644084393978,0.006111407186836004
288,99,900,b,26062,29246,0.005498441867530346,0.007380539085716009,0.007080078125,0.001733305398374796,0.002523929812014103,0.003611539490520954,0.0034589669667184353,0.004670570604503155,0.006112728733569384
289,99,900,b,26942,29686,0.005426767747849226,0.007062850054353476,0.027587890625,0.0017282264307141304,0.0025238399393856525,0.0038778705056756735,0.0034566898830235004,0.004671128932386637,0.006390513852238655
290,99,900,a,27072,13536,0.005907190032303333,0.007854404859244823,0.007080078125,0.0017314364667981863,0.0025233880151063204,0.003445776179432869,0.003456850303336978,0.00463241757825017,0.0060808961279690266
291,99,900,b,26046,29238,0.006054821889847517,0.008183369413018227,0.01025390625,0.0017322574276477098,0.0025231721810996532,0.003576741786673665,0.003461552318185568,0.004682840313762426,0.006269102916121483
292,99,900,a,28296,14148,0.005687558092176914,0.007651417050510645,0.00439453125,0.001724233734421432,0.002523052040487528,0.003795606316998601,0.003448710311204195,0.004656430799514055,0.0062571302987635136
293,99,900,b,26342,29386,0.0056725842878222466,0.00750730000436306,0.012939453125,0.001716592232696712,0.0025228180456906557,0.004200492519885302,0.0034357933327555656,0.0046763657592237,0.0070191482082009315
294,99,900,b,28302,30366,0.005386492237448692,0.007069133687764406,0.023681640625,0.0016994699835777283,0.0025227500591427088,0.003276427974924445,0.0034117652103304863,0.004683158826082945,0.005623401142656803
295,99,900,a,26744,13372,0.005581715609878302,0.007397777400910854,0.0068359375,0.0017254994018003345,0.002522572875022888,0.0037376475520431995,0.003453673329204321,0.004645835608243942,0.006308565381914377
296,99,900,b,27662,30046,0.005391535349190235,0.0071920957416296005,0.024658203125,0.0017140216659754515,0.0025222108233720064,0.0035156330559402704,0.00343704572878778,0.00465425243601203,0.006265478208661079
297,99,900,b,28942,30686,0.005606136284768581,0.007457551080733538,0.005615234375,0.0017181832809001207,0.0025222073309123516,0.003600058611482382,0.0034405014012008905,0.004694452043622732,0.00633670948445797
298,99,900,a,28712,14356,0.005306121427565813,0.00704195024445653,0.003173828125,0.0017277366714552045,0.002522125607356429,0.003459308296442032,0.0034581655636429787,0.0046610417775809765,0.00587525824084878
299,99,900,b,28950,30690,0.005969720426946878,0.007913457229733467,0.005859375,0.0017110852058976889,0.0025219509843736887,0.0036559051368385553,0.003427845658734441,0.004661340266466141,0.00626725796610117
300,99,900,a,28352,14176,0.005891012027859688,0.007771317381411791,0.00341796875,0.001740252715535462,0.0025218899827450514,0.0034324638545513153,0.003474681405350566,0.00469112629070878,0.005965584889054298
301,99,900,b,27830,30130,0.0051005869172513485,0.006732170470058918,0.002685546875,0.0017155223758891225,0.0025218676310032606,0.0036302644293755293,0.0034384061582386494,0.004685152322053909,0.00623562466353178
302,99,900,a,28160,14080,0.005743599962443113,0.007477916777133942,0.006103515625,0.0017233180114999413,0.002521806862205267,0.004145016428083181,0.003451277269050479,0.004660051316022873,0.007105574943125248
303,99,900,b,28638,30534,0.005668364930897951,0.0076416293159127235,0.009521484375,0.0017155184177681804,0.0025217882357537746,0.0035598555114120245,0.0034356340765953064,0.004645078908652067,0.006362337153404951
304,99,900,a,27696,13848,0.005668600555509329,0.007614502217620611,0.002197265625,0.0017307871021330357,0.002521753776818514,0.0043957228772342205,0.003459316212683916,0.0046724858693778515,0.007062865421175957
305,99,900,a,25960,12980,0.00561085669323802,0.00734283309429884,0.018798828125,0.0017288941890001297,0.002521747024729848,0.003635935951024294,0.0034587334375828505,0.004669224843382835,0.006084400694817305
306,99,900,b,28934,30682,0.005669828504323959,0.007402954623103142,0.00830078125,0.001722373883239925,0.0025215973146259785,0.003925063647329807,0.003447994589805603,0.004680424463003874,0.0068231807090342045
307,99,900,a,27720,13860,0.005724035669118166,0.007498334627598524,0.00927734375,0.0017239059088751674,0.002521459013223648,0.0036219016183167696,0.003448707051575184,0.004650870803743601,0.0060207112692296505
308,99,900,a,27264,13632,0.0058325715363025665,0.00784753542393446,0.013916015625,0.0017319319304078817,0.0025212576147168875,0.003934292588382959,0.0034573113080114126,0.004657025448977947,0.0068136113695800304
309,99,900,b,26534,29482,0.005625405814498663,0.007321392651647329,0.02880859375,0.0017310712719336152,0.002520873909816146,0.0035295167472213507,0.003460301784798503,0.004654900636523962,0.006320623680949211
310,99,900,b,26662,29546,0.005937176290899515,0.007942898198962212,0.005126953125,0.0017416696064174175,0.002520869020372629,0.0036574334371834993,0.003478146390989423,0.004666774999350309,0.006336708087474108
311,99,900,a,26096,13048,0.005552091635763645,0.00762768741697073,0.006103515625,0.0017317066667601466,0.002520803129300475,0.0036994796246290207,0.0034622882958501577,0.004705382045358419,0.006312450859695673
312,99,900,b,26038,29234,0.005875416565686464,0.00811111368238926,0.027099609375,0.001729351351968944,0.0025207882281392813,0.0036056088283658028,0.0034564565867185593,0.004692446440458298,0.00593597162514925
313,99,900,a,27776,13888,0.005565931089222431,0.007371187675744295,0.010986328125,0.0017140753334388137,0.002520495094358921,0.0037629075814038515,0.003434710204601288,0.004660042468458414,0.006247839890420437
314,99,900,b,28830,30630,0.005667303688824177,0.007446577772498131,0.004638671875,0.001723092282190919,0.0025204047560691833,0.00401956494897604,0.0034462125040590763,0.004673773422837257,0.006890615448355675
315,99,900,a,27456,13728,0.006020711734890938,0.007851775735616684,0.009521484375,0.0017417878843843937,0.002520345151424408,0.003444642759859562,0.0034754311200231314,0.0046623582020401955,0.006169620901346207
316,99,900,a,27000,13500,0.005697841290384531,0.007560865953564644,0.01318359375,0.0017241105670109391,0.002519865520298481,0.0035121876280754805,0.003445326816290617,0.004599975422024727,0.006004611030220985
317,99,900,b,28030,30230,0.005305599886924028,0.006960087921470404,0.00634765625,0.001710233511403203,0.0025196296628564596,0.003519065910950303,0.003431204939261079,0.004608269780874252,0.006055640056729317
318,99,900,a,28224,14112,0.006077851168811321,0.008057444356381893,0.00244140625,0.0017247837968170643,0.0025192424654960632,0.003701068926602602,0.0034521480556577444,0.0046681128442287445,0.006465880665928125
319,99,900,b,29150,30790,0.005521764047443867,0.007230582181364298,0.017822265625,0.0017129790503531694,0.0025189064908772707,0.0038598449900746346,0.0034368708729743958,0.004664906300604343,0.0065643456764519215
320,99,900,a,28848,14424,0.005637603346258402,0.007550376001745462,0.00537109375,0.0017203502357006073,0.002518900902941823,0.0035482514649629593,0.0034473685082048178,0.0046157436445355415,0.006130272056907415
321,99,900,a,26176,13088,0.005569880828261375,0.007322132587432861,0.01123046875,0.001718745450489223,0.0025188568979501724,0.003612216329202056,0.0034431028179824352,0.004655823111534119,0.006241896655410528
322,99,900,b,26582,29506,0.005515591241419315,0.007166424300521612,0.00390625,0.001721234293654561,0.0025188415311276913,0.0035106369759887457,0.0034498407039791346,0.0046670869924128056,0.006067921873182058
323,99,900,b,28270,30350,0.005621357820928097,0.007280153222382069,0.01025390625,0.001722260843962431,0.0025187204591929913,0.0036546101327985525,0.0034456925932317972,0.00464102067053318,0.006073688622564077
324,99,900,a,27968,13984,0.005788445472717285,0.007694518659263849,0.00927734375,0.0017306673107668757,0.0025186236016452312,0.0038459456991404295,0.0034597378689795732,0.004655400291085243,0.0063240486197173595
325,99,900,b,26558,29494,0.005527573637664318,0.007264702580869198,0.017822265625,0.0017261020839214325,0.002518515335395932,0.003358574816957116,0.003454380203038454,0.004651347640901804,0.00597403896972537
326,99,900,a,26368,13184,0.0056553855538368225,0.007555780466645956,0.016845703125,0.0017415785696357489,0.0025184941478073597,0.0041505685076117516,0.0034800933208316565,0.004651572089642286,0.006733550690114498
327,99,900,b,29190,30810,0.005321866367012262,0.007084611337631941,0.01611328125,0.0016998584615066648,0.002518440131098032,0.004013822879642248,0.003415401093661785,0.0046457876451313496,0.006650587543845177
328,99,900,a,28688,14344,0.005475914105772972,0.007230851799249649,0.005615234375,0.0017227391945198178,0.0025183670222759247,0.0037035802379250526,0.0034498313907533884,0.004602534230798483,0.006237945519387722
329,99,900,b,27006,29718,0.005388024728745222,0.007056173402816057,0.025390625,0.0017193849198520184,0.0025183006655424833,0.00357540650293231,0.003442149143666029,0.0046489243395626545,0.0062906560488045216
330,99,900,a,26864,13432,0.005613160319626331,0.007445881608873606,0.020751953125,0.0017237851861864328,0.0025181134697049856,0.003606705693528056,0.003448082832619548,0.004635291174054146,0.006349117960780859
331,99,900,a,27080,13540,0.006048896815627813,0.00789119303226471,0.0087890625,0.0017307321541011333,0.002517971908673644,0.0036907317116856575,0.003454748773947358,0.004652980249375105,0.006250511389225721
332,99,900,b,28118,30274,0.005506180692464113,0.0072686574421823025,0.01123046875,0.0017036686185747385,0.0025176184717565775,0.0037384319584816694,0.003418367588892579,0.004610150121152401,0.00627183960750699
333,99,900,b,27022,29726,0.005443652160465717,0.007266446482390165,0.0244140625,0.0017047501169145107,0.0025175048504024744,0.0038706795312464237,0.0034214286133646965,0.0046409135684370995,0.006563122849911451
334,99,900,a,28656,14328,0.005615676753222942,0.007400055415928364,0.01708984375,0.0017168184276670218,0.0025174703914672136,0.0033564630430191755,0.003437690669670701,0.004667794797569513,0.005885851103812456
335,99,900,a,28864,14432,0.005463744513690472,0.007070213556289673,0.006103515625,0.0017128260806202888,0.002517345827072859,0.0037783405277878046,0.0034356568939983845,0.004641262348741293,0.0066114976070821285
336,99,900,a,27608,13804,0.0058665806427598,0.007615814916789532,0.001708984375,0.0017223564209416509,0.0025170508306473494,0.0039640869945287704,0.00344617897644639,0.004660068079829216,0.006597719620913267
337,99,900,a,26648,13324,0.005614547058939934,0.007311580702662468,0.01904296875,0.001731431228108704,0.002516884822398424,0.003542277030646801,0.0034675109200179577,0.004626993089914322,0.006078559905290604
338,99,900,b,27382,29906,0.005366342607885599,0.007107248064130545,0.02685546875,0.0017126610036939383,0.002516837092116475,0.0037105868104845285,0.0034269618336111307,0.0046135433949530125,0.006096057128161192
339,99,900,b,26102,29266,0.005915960296988487,0.007794595789164305,0.012451171875,0.0017300066538155079,0.0025167663116008043,0.0043734717182815075,0.0034590831492096186,0.00467073917388916,0.007225326728075743
340,99,900,b,28798,30614,0.005769029259681702,0.0075254663825035095,0.01123046875,0.0017066709697246552,0.0025167374406009912,0.0036936188116669655,0.0034216176718473434,0.004628368187695742,0.006151312030851841
341,99,900,b,29166,30798,0.005621251184493303,0.007376957684755325,0.02197265625,0.0017087783198803663,0.0025165120605379343,0.003798467805609107,0.0034292591735720634,0.004613866563886404,0.006521707400679588
342,99,900,b,26454,29442,0.005703486502170563,0.007434394210577011,0.0068359375,0.0017168230842798948,0.002516354201361537,0.003539841389283538,0.0034394997637718916,0.004692808259278536,0.006117487326264381
343,99,900,b,28710,30570,0.005729168187826872,0.007438404951244593,0.021240234375,0.0017171462532132864,0.00251602940261364,0.004002703819423914,0.0034453398548066616,0.004649537615478039,0.006735105533152819
344,99,900,b,26350,29390,0.005835619289427996,0.007682598661631346,0.005615234375,0.0017222122987732291,0.0025157826021313667,0.0032751155085861683,0.0034461859613656998,0.004659812431782484,0.005911162588745356
345,99,900,a,26880,13440,0.0057399459183216095,0.007555992808192968,0.0263671875,0.0017134809168055654,0.0025156622286885977,0.0037474490236490965,0.0034317122772336006,0.004642110783606768,0.006461406126618385
346,99,900,a,27448,13724,0.005830221809446812,0.007736444938927889,0.00048828125,0.0017410225700587034,0.0025156429037451744,0.0038344431668519974,0.0034735025838017464,0.004621958360075951,0.006352358963340521
347,99,900,b,26382,29406,0.005469962954521179,0.007261096034198999,0.004638671875,0.001729386392980814,0.0025155236944556236,0.0038109715096652508,0.0034566582180559635,0.004674544092267752,0.0065012103877961636
348,99,900,a,28568,14284,0.005716626066714525,0.007397480309009552,0.004638671875,0.0017151141073554754,0.002515405183658004,0.0035796004813164473,0.003436147002503276,0.0046308510936796665,0.006023254245519638
349,99,900,b,26214,29322,0.005753731355071068,0.0074392277747392654,0.004638671875,0.0017365687526762486,0.0025153164751827717,0.0036250045523047447,0.0034704047720879316,0.004657004959881306,0.006250536534935236
350,99,900,a,27840,13920,0.005500750616192818,0.007294217124581337,0.0068359375,0.0017257664585486054,0.002515313681215048,0.003622428746894002,0.0034506632946431637,0.004659420344978571,0.006279694847762585
351,99,900,a,28496,14248,0.005851624067872763,0.007516703102737665,0.001708984375,0.001716695143841207,0.002515234053134918,0.003500396851450205,0.003437522565945983,0.004664694424718618,0.005951621104031801
352,99,900,b,27942,30186,0.005547692999243736,0.0073615508154034615,0.01953125,0.0017120165284723043,0.002515202620998025,0.0036624353379011154,0.003430793061852455,0.004661865066736937,0.0062333340756595135
353,99,900,a,26736,13368,0.005197583232074976,0.006918332539498806,0.00341796875,0.00173164380248636,0.002514969790354371,0.0035792540293186903,0.003461225889623165,0.004609360359609127,0.006400976330041885
354,99,900,b,26014,29222,0.005997370928525925,0.007888239808380604,0.02783203125,0.001734997029416263,0.0025148438289761543,0.003933703061193228,0.0034655784256756306,0.004675678443163633,0.006499745883047581
355,99,900,a,26048,13024,0.00547809898853302,0.00731902988627553,0.00732421875,0.001715095597319305,0.002514791442081332,0.0033778196666389704,0.0034403556492179632,0.004677996039390564,0.0060033006593585014
356,99,900,b,28230,30330,0.0055341399274766445,0.007233413867652416,0.009033203125,0.0017043910920619965,0.0025146068073809147,0.003221422666683793,0.0034190742298960686,0.004676372278481722,0.0056413570418953896
357,99,900,b,28862,30646,0.0054830810986459255,0.007152251433581114,0.005126953125,0.0017141482094302773,0.0025145821273326874,0.0035339395981281996,0.0034320736303925514,0.004659863654524088,0.005868304055184126
358,99,900,a,28960,14480,0.005856323521584272,0.007786225993186235,0.012451171875,0.0017260507447645068,0.0025144952815026045,0.003489178139716387,0.0034512889105826616,0.0047064549289643764,0.00608918396756053
359,99,900,b,27438,29934,0.00537083251401782,0.0069518242962658405,0.027099609375,0.0017287525115534663,0.002514421008527279,0.0034821941517293453,0.0034559171181172132,0.004672584589570761,0.006098215002566576
360,99,900,a,28632,14316,0.005625884979963303,0.0074337925761938095,0.013916015625,0.001717113540507853,0.0025143884122371674,0.0034400406293570995,0.0034379998687654734,0.0046735783107578754,0.006423280108720064
361,99,900,a,27136,13568,0.005735884886234999,0.007590921130031347,0.007568359375,0.0017327511450275779,0.0025140345096588135,0.0036990209482610226,0.003462378866970539,0.00464231101796031,0.006264313589781523
362,99,900,a,27488,13744,0.005673835054039955,0.007437909487634897,0.000244140625,0.001751908683218062,0.0025138237979263067,0.003695831401273608,0.00349190435372293,0.004647134803235531,0.0061212205328047276
363,99,900,a,27232,13616,0.005820211488753557,0.007616369519382715,0.00048828125,0.0017295960569754243,0.0025132526643574238,0.0036904942244291306,0.0034551462158560753,0.004604733549058437,0.00615290692076087
364,99,900,b,27190,29810,0.0055098142474889755,0.007190280128270388,0.02294921875,0.001703249174170196,0.0025132407899945974,0.003378303488716483,0.0034155435860157013,0.004624815192073584,0.005939537659287453
365,99,900,a,27576,13788,0.005681666079908609,0.007506893016397953,0.01123046875,0.0017376685282215476,0.0025131190195679665,0.0035721054300665855,0.0034696536604315042,0.00463041802868247,0.006567168049514294
366,99,900,a,27984,13992,0.0057510193437337875,0.007475495804101229,0.0068359375,0.001726363436318934,0.0025128868874162436,0.003549260785803199,0.0034546467941254377,0.004650820046663284,0.006217321380972862
367,99,900,b,28582,30506,0.005562938749790192,0.007327779661864042,0.01318359375,0.0017197906272485852,0.0025128829292953014,0.004027934744954109,0.0034401947632431984,0.0046826694160699844,0.006855843588709831
368,99,900,b,28382,30406,0.0054088495671749115,0.007155477534979582,0.014404296875,0.0017021490493789315,0.0025128477718681097,0.003480102401226759,0.0034140893258154392,0.004628532100468874,0.005853534676134586
369,99,900,b,28566,30498,0.005446196999400854,0.007130734156817198,0.027099609375,0.001719232415780425,0.002512842183932662,0.004402255639433861,0.0034415435511618853,0.0046381838619709015,0.007367151789367199
370,99,900,b,26422,29426,0.005554661620408297,0.0073769609443843365,0.01904296875,0.001723334426060319,0.0025127059780061245,0.0038457661867141724,0.003446398302912712,0.0046409983187913895,0.006413288880139589
371,99,900,b,29238,30834,0.0054124197922647,0.007154554128646851,0.02880859375,0.001707930234260857,0.0025127041153609753,0.004025902133435011,0.003430580487474799,0.004694406874477863,0.007125721778720617
372,99,900,a,28392,14196,0.005967370700091124,0.008197493851184845,0.0029296875,0.001728904782794416,0.0025126889813691378,0.0035455983597785234,0.0034591006115078926,0.004646816290915012,0.006178261246532202
373,99,900,b,27678,30054,0.005577838514000177,0.007473198231309652,0.01806640625,0.0017129735788330436,0.0025126503314822912,0.0035861185751855373,0.0034319672267884016,0.00463124318048358,0.006224652752280235
374,99,900,a,28968,14484,0.005872219335287809,0.0077322106808424,0.017822265625,0.001726305577903986,0.0025123825762420893,0.0032346344087272882,0.003447846742346883,0.004670047666877508,0.005628054961562157
375,99,900,b,27766,30098,0.00544928340241313,0.0071979849599301815,0.010009765625,0.0017006947891786695,0.002512305974960327,0.0038296603597700596,0.0034090762492269278,0.004637967795133591,0.00651042815297842
376,99,900,a,29136,14568,0.005817381199449301,0.007832074537873268,0.031005859375,0.0017295611323788762,0.0025122526567429304,0.003750634379684925,0.0034533438738435507,0.004641666542738676,0.006122419610619545
377,99,900,b,28102,30266,0.005246399901807308,0.006832619197666645,0.017333984375,0.001717680599540472,0.0025119248311966658,0.0035502815153449774,0.003441033884882927,0.0046834638342261314,0.006082721054553986
378,99,900,a,26144,13072,0.00565167423337698,0.00739912549033761,0.005126953125,0.0017278973245993257,0.0025117534678429365,0.003406401490792632,0.003460625885054469,0.004647611174732447,0.006068297661840916
379,99,900,a,27296,13648,0.006080476567149162,0.007975631393492222,0.026611328125,0.001729717943817377,0.002511640079319477,0.0037637450732290745,0.003456598613411188,0.004632413387298584,0.006185072008520365
380,99,900,a,27096,13548,0.005731517914682627,0.007743516471236944,0.001220703125,0.0017427214188501239,0.002511635422706604,0.00398069666698575,0.0034761251881718636,0.004681842867285013,0.006695492658764124
381,99,900,b,28646,30538,0.0054890806786715984,0.00744536193087697,0.014404296875,0.001706169219687581,0.0025116235483437777,0.0038512805476784706,0.0034204265102744102,0.0046425736509263515,0.006543827708810568
382,99,900,a,28264,14132,0.005616126116365194,0.007413442712277174,0.0009765625,0.0017268762458115816,0.002511444501578808,0.003512014402076602,0.0034536998718976974,0.004672325681895018,0.006051511038094759
383,99,900,b,26750,29590,0.005786390509456396,0.007837937213480473,0.001953125,0.001735952217131853,0.002511423546820879,0.0036014600191265345,0.0034704545978456736,0.004659782163798809,0.006627136375755072
384,99,900,b,27398,29914,0.005561755038797855,0.007443811744451523,0.0283203125,0.0017081218538805842,0.0025113867595791817,0.003810235532000661,0.0034209282603114843,0.004651266150176525,0.006131505593657494
385,99,900,a,29176,14588,0.005701979156583548,0.007594509981572628,0.021484375,0.0017282870830968022,0.0025113828014582396,0.003335740650072694,0.0034563844092190266,0.004648028872907162,0.005891645327210426
386,99,900,b,26774,29602,0.005595159716904163,0.007467472460120916,0.0029296875,0.0017460030503571033,0.0025113800074905157,0.0034242228139191866,0.00348166492767632,0.004713791888207197,0.005930363666266203
387,99,900,a,27664,13832,0.005830199457705021,0.007600793149322271,0.02099609375,0.0017202727030962706,0.0025113422889262438,0.0034181803930550814,0.0034460697788745165,0.004644718952476978,0.005893887020647526
388,99,900,a,28648,14324,0.00565835926681757,0.007417968939989805,0.00830078125,0.0017148723127320409,0.002511331345885992,0.0035544780548661947,0.0034358082339167595,0.004670854192227125,0.006133237387984991
389,99,900,a,28808,14404,0.005474562291055918,0.007201756816357374,0.004150390625,0.0017345614032819867,0.00251106102950871,0.0038432390429079533,0.003470585448667407,0.004636632278561592,0.006249298341572285
390,99,900,a,27888,13944,0.005760378669947386,0.007562801707535982,0.007080078125,0.0017419130308553576,0.0025110046844929457,0.003950605168938637,0.0034742415882647038,0.004625333473086357,0.006435384042561054
391,99,900,b,26494,29462,0.00565924309194088,0.007478361018002033,0.01171875,0.0017170485807582736,0.0025109811685979366,0.003695619758218527,0.003437379142269492,0.004606257192790508,0.006286924704909325
392,99,900,b,26334,29382,0.005713403224945068,0.007623485289514065,0.019287109375,0.0017204278847202659,0.0025106279645115137,0.0034217843785881996,0.003438370767980814,0.004639637656509876,0.006049661431461573
393,99,900,a,28144,14072,0.005675195250660181,0.007466807030141354,0.0009765625,0.0017259255982935429,0.002510561142116785,0.004009894095361233,0.0034540107008069754,0.0046826195903122425,0.006938016973435879
394,99,900,a,28936,14468,0.005746082402765751,0.0075026764534413815,0.001708984375,0.0017200099537149072,0.0025104323867708445,0.0033151565585285425,0.0034426087513566017,0.004629465285688639,0.005778047256171703
395,99,900,a,26104,13052,0.005579913966357708,0.00738443061709404,0.012451171875,0.0017292294651269913,0.002510315040126443,0.0038005372043699026,0.0034588284324854612,0.00464528938755393,0.006410081405192614
396,99,900,b,27310,29870,0.005369876511394978,0.007092245388776064,0.022216796875,0.0017043885309249163,0.0025103013031184673,0.004191629588603973,0.0034162793308496475,0.004657425452023745,0.007072092965245247
397,99,900,a,27472,13736,0.005485907196998596,0.007251257076859474,0.00244140625,0.0017522426787763834,0.0025101236533373594,0.0040063210763037205,0.003490184433758259,0.004635938443243504,0.006918220315128565
398,99,900,a,26184,13092,0.0056855082511901855,0.007395859807729721,0.008056640625,0.0017080456018447876,0.0025098950136452913,0.003915395122021437,0.0034251518081873655,0.004627782851457596,0.006907031871378422
399,99,900,b,28982,30706,0.005805600434541702,0.007877967320382595,0.021240234375,0.0017056664219126105,0.0025097555480897427,0.0037220751401036978,0.003421731758862734,0.004650231450796127,0.006446937099099159
400,99,900,a,26424,13212,0.005494068842381239,0.00729346415027976,0.00634765625,0.0017224765615537763,0.002509755315259099,0.0038469634018838406,0.00345085677690804,0.004674337804317474,0.006488211452960968
401,99,900,b,28598,30514,0.005316284019500017,0.00698078190907836,0.003173828125,0.0017136490205302835,0.002509606769308448,0.003715456696227193,0.0034344180021435022,0.004670914262533188,0.006372478324919939
402,99,900,b,27590,30010,0.00538672273978591,0.007118360139429569,0.025634765625,0.0017056700307875872,0.002509377896785736,0.003196853445842862,0.0034211506135761738,0.004649544134736061,0.00586181553080678
403,99,900,b,28822,30626,0.005742388311773539,0.00759869534522295,0.00341796875,0.001722105429507792,0.0025093392468988895,0.0036104812752455473,0.0034466180950403214,0.004635106772184372,0.006172127090394497
404,99,900,a,28096,14048,0.005393011495471001,0.007146711926907301,0.00341796875,0.0017234223196282983,0.0025093071162700653,0.003582353238016367,0.0034474048297852278,0.004620418883860111,0.005998465698212385
405,99,900,a,27304,13652,0.005788334179669619,0.007566401269286871,0.02783203125,0.0017163141164928675,0.0025087513495236635,0.0036892746575176716,0.003435163525864482,0.004592026583850384,0.00651068240404129
406,99,900,a,27792,13896,0.005810956470668316,0.007621726021170616,0.0078125,0.001720883185043931,0.0025083483196794987,0.0038979859091341496,0.003441327251493931,0.004643635358661413,0.006731630302965641
407,99,900,b,28246,30338,0.005503104068338871,0.007365580648183823,0.00927734375,0.0017042472027242184,0.002508251927793026,0.003546229563653469,0.0034190358128398657,0.004617397207766771,0.006228819023817778
408,99,900,a,28456,14228,0.005536496173590422,0.007277974858880043,0.0,0.0017260757740586996,0.002508100587874651,0.004397174809128046,0.003453501034528017,0.004645372275263071,0.007273604162037373
409,99,900,a,28240,14120,0.005931890103965998,0.007828067988157272,0.00830078125,0.0017315858276560903,0.002507995581254363,0.004055141471326351,0.0034614456817507744,0.004664976615458727,0.00687831174582243
410,99,900,b,26718,29574,0.005641409661620855,0.007428607437759638,0.008544921875,0.0017307226080447435,0.0025076973251998425,0.0033875314984470606,0.0034602065570652485,0.004635014105588198,0.005851574707776308
411,99,900,b,28438,30434,0.0055852290242910385,0.007474461104720831,0.01904296875,0.0017060978570953012,0.0025074828881770372,0.0036011389456689358,0.003422811394557357,0.004648010246455669,0.0063144750893116
412,99,900,a,26776,13388,0.005464608781039715,0.0072274887934327126,0.011474609375,0.0017202761955559254,0.002507390221580863,0.003503131680190563,0.0034443975891917944,0.004651030525565147,0.006188033614307642
413,99,900,a,27272,13636,0.005870787426829338,0.0076591456308960915,0.02880859375,0.0017201545415446162,0.0025072332937270403,0.003962197341024876,0.0034404576290398836,0.0046231853775680065,0.007183769252151251
414,99,900,a,28208,14104,0.0054422784596681595,0.007133746054023504,0.0126953125,0.0017096033552661538,0.0025072023272514343,0.003281048033386469,0.0034281343687325716,0.004622150212526321,0.00570658827200532
415,99,900,b,28022,30226,0.005166511982679367,0.00687431963160634,0.0,0.0016942127840593457,0.002507055178284645,0.003373202634975314,0.003402818227186799,0.004629543051123619,0.005840510595589876
416,99,900,b,29174,30802,0.00544969504699111,0.007106266915798187,0.0087890625,0.0017142631113529205,0.0025070246774703264,0.0039208498783409595,0.003435075283050537,0.004620793741196394,0.006659742910414934
417,99,900,b,27182,29806,0.005515993572771549,0.007118474692106247,0.021240234375,0.0017029668670147657,0.0025069783441722393,0.0036181139294058084,0.003415127983316779,0.0046378858387470245,0.006113098934292793
418,99,900,b,28870,30650,0.005741509143263102,0.00772401737049222,0.00390625,0.0017367575783282518,0.002506878925487399,0.0035162519197911024,0.0034669837914407253,0.004639777354896069,0.005940145812928677
419,99,900,b,28038,30234,0.0052159689366817474,0.006750636268407106,0.000244140625,0.00170198455452919,0.0025066020898520947,0.003605460748076439,0.003414107719436288,0.004645605571568012,0.0060347882099449635
420,99,900,a,26128,13064,0.005561934784054756,0.007189019583165646,0.0048828125,0.0017159674316644669,0.002506559481844306,0.0037432408425956964,0.0034383139573037624,0.004666795954108238,0.006312552373856306
421,99,900,a,26024,13012,0.005437741056084633,0.00724364910274744,0.010498046875,0.0017225658521056175,0.0025063962675631046,0.0033660458866506815,0.003451145486906171,0.004654275719076395,0.005742311477661133
422,99,900,a,27632,13816,0.0059119053184986115,0.007827038876712322,0.008544921875,0.0017279037274420261,0.002506388584151864,0.0034592205192893744,0.0034549906849861145,0.0046163457445800304,0.005949679296463728
423,99,900,b,28310,30370,0.005280341021716595,0.006803545635193586,0.02734375,0.0016946363030001521,0.002506374381482601,0.003305893624201417,0.0034025381319224834,0.004653567913919687,0.005662416573613882
424,99,900,a,29168,14584,0.005982347298413515,0.007800198160111904,0.02685546875,0.0017231614328920841,0.0025059678591787815,0.003504289546981454,0.0034498507156968117,0.004635241813957691,0.006069368217140436
425,99,900,a,28136,14068,0.006155152805149555,0.008210907690227032,0.017333984375,0.0017244175542145967,0.0025059396866708994,0.0036730326246470213,0.003449396463111043,0.004679505713284016,0.005996819119900465
426,99,900,a,28512,14256,0.005642635282129049,0.007629606407135725,0.00390625,0.0017186880577355623,0.0025057445745915174,0.003503248328343034,0.0034414189867675304,0.004632340278476477,0.006275336258113384
427,99,900,b,26614,29522,0.005718423519283533,0.007621669210493565,0.0126953125,0.0017299101455137134,0.0025057299062609673,0.003506530076265335,0.0034603537060320377,0.004684473853558302,0.0060631572268903255
428,99,900,b,26254,29342,0.00585391279309988,0.007799202110618353,0.001708984375,0.001724518253467977,0.0025056609883904457,0.003797001438215375,0.003448033006861806,0.004640610422939062,0.006521014031022787
429,99,900,b,27430,29930,0.005504101049154997,0.0071741677820682526,0.03173828125,0.0017177272820845246,0.0025055285077542067,0.0036913519725203514,0.0034367693588137627,0.0046254489570856094,0.0062963454984128475
430,99,900,b,26134,29282,0.005686149932444096,0.007344244979321957,0.001953125,0.0017400834476575255,0.002505077514797449,0.003812723094597459,0.003477303311228752,0.004666140768676996,0.006692857015877962
431,99,900,b,27206,29818,0.005787241738289595,0.007646272424608469,0.0263671875,0.0017066416330635548,0.002504977397620678,0.0033426203299313784,0.0034167335834354162,0.004606546368449926,0.0058954861015081406
432,99,900,b,26030,29230,0.005825485102832317,0.007817490957677364,0.02490234375,0.0017182629089802504,0.0025046863593161106,0.003986696247011423,0.003441330511122942,0.004695642739534378,0.00653565488755703
433,99,900,b,27814,30122,0.005211061332374811,0.006881974171847105,0.001220703125,0.0016964233946055174,0.0025045848451554775,0.0037339816335588694,0.0034065283834934235,0.004678526893258095,0.006232371553778648
434,99,900,a,26320,13160,0.0056473203003406525,0.00734326196834445,0.001953125,0.0017132074572145939,0.0025045417714864016,0.0034022319596260786,0.003435281338170171,0.004651017487049103,0.005946515128016472
435,99,900,b,27342,29886,0.005494489334523678,0.007255071308463812,0.000732421875,0.0017007098067551851,0.00250453595072031,0.003655616659671068,0.003414677921682596,0.004609978757798672,0.0061467718333005905
436,99,900,a,27240,13620,0.005891406908631325,0.00774738285690546,0.000732421875,0.0017290423857048154,0.002504476113244891,0.0036912469659000635,0.0034546740353107452,0.0045930915512144566,0.006509052589535713
437,99,900,b,26838,29634,0.005534409079700708,0.007500506471842527,0.001708984375,0.0017242151079699397,0.002504321513697505,0.0035793394781649113,0.0034508092794567347,0.004667867906391621,0.006400608457624912
438,99,900,a,28576,14288,0.005796059034764767,0.007633041124790907,0.001220703125,0.0017180932918563485,0.002504318952560425,0.003477727761492133,0.003440859727561474,0.0046633100137114525,0.005967873614281416
439,99,900,b,28734,30582,0.005695115774869919,0.007534930948168039,0.0029296875,0.0017312716227024794,0.002504148054867983,0.0038171112537384033,0.0034612398594617844,0.004673341289162636,0.006224052980542183
440,99,900,b,26798,29614,0.005673625972121954,0.007494757883250713,0.0107421875,0.001722418935969472,0.002504064468666911,0.003726871917024255,0.003445997601374984,0.004631798714399338,0.006235559470951557
441,99,900,b,28110,30270,0.005405540112406015,0.006998456083238125,0.01806640625,0.0017051483737304807,0.0025040318723767996,0.003625358222052455,0.003420563880354166,0.004656883887946606,0.006295896600931883
442,99,900,a,28624,14312,0.0056093838065862656,0.007492928300052881,0.00927734375,0.0017140295822173357,0.0025040225591510534,0.0033533223904669285,0.0034345730673521757,0.004645508714020252,0.006118823774158955
443,99,900,b,28286,30358,0.005691803991794586,0.007349109742790461,0.0205078125,0.0017032912001013756,0.002504009287804365,0.003343113698065281,0.003412695834413171,0.004660123493522406,0.0059682768769562244
444,99,900,b,28198,30314,0.005321424920111895,0.007000646088272333,0.00390625,0.0017190168146044016,0.0025039552710950375,0.0032598120160400867,0.0034432087559252977,0.0045840684324502945,0.005912629887461662
445,99,900,b,28974,30702,0.005765207577496767,0.007689473684877157,0.009765625,0.00172170321457088,0.0025038591120392084,0.0034355628304183483,0.003445812501013279,0.004620002582669258,0.0061806123703718185
446,99,900,a,27824,13912,0.005893004592508078,0.007985414937138557,0.0078125,0.0017229580553248525,0.0025037575978785753,0.0036586869973689318,0.003444853937253356,0.004647879395633936,0.006157875992357731
447,99,900,b,27454,29942,0.005570810288190842,0.007300120312720537,0.010986328125,0.0017228720244020224,0.0025035967119038105,0.0037188453134149313,0.0034472730476409197,0.00463741784915328,0.006279276683926582
448,99,900,b,29126,30778,0.0054343948140740395,0.007351514417678118,0.020263671875,0.0017130413325503469,0.00250347051769495,0.0045431507751345634,0.0034343090374022722,0.004600249696522951,0.007706698961555958
449,99,900,b,27902,30166,0.005575929768383503,0.007572575006633997,0.015869140625,0.0017179875867441297,0.002503376454114914,0.003243692684918642,0.0034396271221339703,0.004635810386389494,0.0057379500940442085
450,99,900,a,26832,13416,0.005474965553730726,0.007102448958903551,0.017578125,0.001719531835988164,0.002503251191228628,0.0037064035423099995,0.003442665096372366,0.004609739873558283,0.006274161860346794
451,99,900,b,26694,29562,0.005823385901749134,0.0077325585298240185,0.01708984375,0.001722316606901586,0.002503214403986931,0.003373556537553668,0.003450167365372181,0.004597343038767576,0.006108495406806469
452,99,900,a,27768,13884,0.005696627777069807,0.007662543095648289,0.00537109375,0.0017233906546607614,0.002503167139366269,0.003819703822955489,0.0034460918977856636,0.004650363698601723,0.006395735777914524
453,99,900,b,27950,30190,0.005622018128633499,0.0075014554895460606,0.029541015625,0.0016962324734777212,0.0025030141696333885,0.004187753889709711,0.0034054256975650787,0.004588568117469549,0.007052239961922169
454,99,900,b,27478,29954,0.0055302465334534645,0.0071556465700268745,0.000732421875,0.0017171446233987808,0.0025029368698596954,0.0037293818313628435,0.0034394003450870514,0.004590128548443317,0.006141331046819687
455,99,900,a,26752,13376,0.005524493288248777,0.007199785206466913,0.011962890625,0.0017178355483338237,0.002502682153135538,0.003611043794080615,0.00343874329701066,0.00461911503225565,0.006058749742805958
456,99,900,a,27256,13628,0.0056785414926707745,0.007681852672249079,0.0078125,0.0017265594797208905,0.00250259879976511,0.003648653393611312,0.0034522931091487408,0.004648671019822359,0.006427385378628969
457,99,900,b,27422,29926,0.005553293973207474,0.007324324455112219,0.04052734375,0.0017223266186192632,0.0025025438517332077,0.0037090976256877184,0.0034422206226736307,0.004674576222896576,0.006524569820612669
458,99,900,b,26758,29594,0.005504250526428223,0.007417496759444475,0.01123046875,0.0017326539382338524,0.0025025217328220606,0.00400437181815505,0.003466746537014842,0.004677860531955957,0.00681009516119957
459,99,900,a,28840,14420,0.005821540951728821,0.007766181603074074,0.00439453125,0.0017185795586556196,0.0025024849455803633,0.0035581132397055626,0.003445153823122382,0.004627560265362263,0.006161204073578119
460,99,900,b,26782,29606,0.005438548978418112,0.00715489499270916,0.007568359375,0.0017307563684880733,0.002502277260646224,0.003613352542743087,0.003460920648649335,0.004656297620385885,0.0061438255943357944
461,99,900,b,28046,30238,0.00535165797919035,0.0069549549371004105,0.0048828125,0.0017114324728026986,0.0025022155605256557,0.0036412000190466642,0.0034304994624108076,0.0046459101140499115,0.006078232079744339
462,99,900,a,26800,13400,0.005591880530118942,0.007332302164286375,0.015869140625,0.0017231878591701388,0.0025020113680511713,0.004155169706791639,0.0034494937863200903,0.004654422402381897,0.0064945644699037075
463,99,900,a,26016,13008,0.0056093051098287106,0.007235731463879347,0.012939453125,0.001735109486617148,0.0025015275459736586,0.003762211184948683,0.003471521893516183,0.004665079060941935,0.006328437943011522
464,99,900,b,28854,30642,0.005303740501403809,0.006903996225446463,0.000244140625,0.001721333828754723,0.002501454669982195,0.003659070935100317,0.0034454253036528826,0.004633581265807152,0.006173452828079462
465,99,900,a,28856,14428,0.005883858073502779,0.007735894061625004,0.00341796875,0.0017204000614583492,0.0025014521088451147,0.003557127434760332,0.0034438399598002434,0.00460398755967617,0.006126336753368378
466,99,900,b,28294,30362,0.005612276028841734,0.007248104549944401,0.01513671875,0.0017019168008118868,0.0025011571124196053,0.003557019168511033,0.0034137037582695484,0.0046402509324252605,0.0059480913914740086
467,99,900,b,28214,30322,0.005456401500850916,0.007218742743134499,0.0107421875,0.0017185021424666047,0.0025008462835103273,0.0036237696185708046,0.0034398543648421764,0.004609869793057442,0.006417023483663797
468,99,900,b,26950,29690,0.005626593250781298,0.007467353250831366,0.024658203125,0.0017278906889259815,0.002500691218301654,0.0035699137952178717,0.0034559741616249084,0.004663398955017328,0.006096361670643091
469,99,900,b,27230,29830,0.005244688130915165,0.00691392133012414,0.007568359375,0.0017144299345090985,0.0025005582720041275,0.0041601816192269325,0.003432916710153222,0.0046205236576497555,0.006802723743021488
470,99,900,a,28744,14372,0.005448072217404842,0.007138732820749283,0.00146484375,0.001719774561934173,0.0025004560593515635,0.0032024383544921875,0.0034424662590026855,0.00463324598968029,0.005833298433572054
471,99,900,b,26814,29622,0.005798598285764456,0.007711086887866259,0.00146484375,0.0017312626587226987,0.00250043673440814,0.004127144813537598,0.0034602272789925337,0.004685509484261274,0.0069905836135149
472,99,900,a,26232,13116,0.005716141313314438,0.007523171603679657,0.009765625,0.0017182809533551335,0.0025001205503940582,0.00394990062341094,0.0034409675281494856,0.004666838329285383,0.006887638941407204
473,99,900,a,27848,13924,0.005752413999289274,0.007698157336562872,0.01416015625,0.0017320822225883603,0.0024995983112603426,0.0035753773991018534,0.0034604305401444435,0.00461588567122817,0.006290503311902285
474,99,900,b,27134,29782,0.005675204563885927,0.007488098461180925,0.0205078125,0.0016985887195914984,0.002499042544513941,0.003546023741364479,0.0034138767514377832,0.004600998945534229,0.006205830257385969
475,99,900,b,28182,30306,0.005547425709664822,0.00733821140602231,0.004638671875,0.0017041326500475407,0.0024990353267639875,0.003368259407579899,0.003417890751734376,0.004611700773239136,0.006034334655851126
476,99,900,b,27390,29910,0.005460255313664675,0.007288881577551365,0.0302734375,0.001694797072559595,0.0024989403318613768,0.0034588619600981474,0.0034033479169011116,0.004606562200933695,0.005926630925387144
477,99,900,b,28542,30486,0.005827785469591618,0.007673751562833786,0.032470703125,0.001713170320726931,0.002498738933354616,0.0038986369036138058,0.003432120895013213,0.004617863800376654,0.006591055076569319
478,99,900,a,26200,13100,0.005770150106400251,0.007647455204278231,0.019775390625,0.0017151952488347888,0.0024984523188322783,0.0035803404171019793,0.003435842227190733,0.004626419860869646,0.006431111134588718
479,99,900,b,26398,29414,0.0055174571461975574,0.007292796857655048,0.00048828125,0.0017196281114593148,0.0024984118063002825,0.0035730188246816397,0.003439416876062751,0.004645741079002619,0.006317242048680782
480,99,900,b,27094,29762,0.005389697849750519,0.006959168706089258,0.00048828125,0.0017291754484176636,0.0024984031915664673,0.0035871106665581465,0.0034549133852124214,0.004624698776751757,0.006052606273442507
481,99,900,b,27790,30110,0.005242063198238611,0.006847002077847719,0.00830078125,0.0017063601408153772,0.0024981440510600805,0.003917414229363203,0.003418997395783663,0.004611581098288298,0.006630539894104004
482,99,900,b,28990,30710,0.005803403910249472,0.007768209557980299,0.0234375,0.001711067627184093,0.0024981065653264523,0.0036957135889679193,0.003429015167057514,0.00463458988815546,0.006499390583485365
483,99,900,a,27624,13812,0.005797032732516527,0.0076078930869698524,0.003173828125,0.0017265754286199808,0.002497996436432004,0.0034598875790834427,0.0034555643796920776,0.004633799660950899,0.006231510546058416
484,99,900,b,27846,30138,0.005471830256283283,0.0072364117950201035,0.004150390625,0.0017060436075553298,0.002497892128303647,0.003597083268687129,0.0034195443149656057,0.004596933256834745,0.00612687598913908
485,99,900,b,26726,29578,0.005757682956755161,0.007645904552191496,0.008544921875,0.001735495519824326,0.0024977452121675014,0.003511020913720131,0.0034679723903536797,0.00465224776417017,0.00599716417491436
486,99,900,b,28406,30418,0.005423622205853462,0.007174673490226269,0.0263671875,0.0017015838529914618,0.00249767629429698,0.003353673731908202,0.003414590610191226,0.004624633118510246,0.0057181124575436115
487,99,900,a,27600,13800,0.005915384739637375,0.007755680475383997,0.01123046875,0.0017309102695435286,0.0024973759427666664,0.003789879847317934,0.003457062877714634,0.004632554482668638,0.0066398922353982925
488,99,900,b,26478,29454,0.00554167665541172,0.007268082350492477,0.013671875,0.0017056100768968463,0.0024972681421786547,0.0036155469715595245,0.0034240437671542168,0.004561325069516897,0.006434520240873098
489,99,900,b,26742,29586,0.005531172268092632,0.0074929059483110905,0.010009765625,0.001710462966002524,0.002497086999937892,0.0035618531983345747,0.003427876392379403,0.004656885284930468,0.006288370583206415
490,99,900,b,28238,30334,0.005715286824852228,0.007469473406672478,0.001220703125,0.0017161861760541797,0.0024970099329948425,0.003387175500392914,0.0034358608536422253,0.004646507557481527,0.005727209150791168
491,99,900,a,29024,14512,0.005695353262126446,0.007509630173444748,0.0,0.0017218498978763819,0.002497002249583602,0.0035140817053616047,0.0034468392841517925,0.0046461401507258415,0.0061933607794344425
492,99,900,b,28918,30674,0.005616576410830021,0.0073348223231732845,0.005859375,0.0017225431511178613,0.002496669301763177,0.0034309569746255875,0.0034505093935877085,0.004606406670063734,0.005886358208954334
493,99,900,b,27014,29722,0.0055251652374863625,0.007182572036981583,0.02392578125,0.0017120641423389316,0.0024964604526758194,0.003475033910945058,0.0034325106535106897,0.004626222886145115,0.006161946337670088
494,99,900,a,27688,13844,0.005719461943954229,0.007649201899766922,0.010986328125,0.0017284117639064789,0.0024963191244751215,0.0037677923683077097,0.003459127154201269,0.004622598644345999,0.006333020515739918
495,99,900,b,27638,30034,0.005256856791675091,0.006982666905969381,0.00390625,0.001708240364678204,0.0024961291346699,0.003814052790403366,0.0034261266700923443,0.004661278333514929,0.006531233433634043
496,99,900,a,29016,14508,0.00592959625646472,0.0077230618335306644,0.0009765625,0.0017329041147604585,0.0024958979338407516,0.0038189291954040527,0.0034625690896064043,0.004597565159201622,0.006313059478998184
497,99,900,b,26886,29658,0.0052020857110619545,0.006733390036970377,0.003662109375,0.0017196880653500557,0.002495889086276293,0.0034244598355144262,0.003446255810558796,0.004648861940950155,0.006065068766474724
498,99,900,a,26576,13288,0.005678494460880756,0.007412288803607225,0.02001953125,0.0017114626243710518,0.0024957656860351562,0.0037369956262409687,0.003432977944612503,0.004618436563760042,0.006450353190302849
499,99,900,b,26766,29598,0.005502896383404732,0.007286111358553171,0.009765625,0.001716754399240017,0.002495689084753394,0.0038034727331250906,0.0034398550633341074,0.00457730982452631,0.006275567691773176
500,99,900,a,28024,14012,0.0058449492789804935,0.00778678385540843,0.00439453125,0.0017217772547155619,0.002495576161891222,0.003752258373424411,0.0034467829391360283,0.004601732362061739,0.006254981737583876
501,99,900,b,27318,29874,0.005695052910596132,0.0075397128239274025,0.01708984375,0.0016974442405626178,0.002495500957593322,0.003812480252236128,0.0034047660883516073,0.0046151308342814445,0.006445192266255617
502,99,900,b,28070,30250,0.005379317328333855,0.0071416255086660385,0.021484375,0.001693376456387341,0.0024950739461928606,0.0035071708261966705,0.003403825219720602,0.004586607217788696,0.006171253509819508
503,99,900,b,26862,29646,0.005352778825908899,0.006980879697948694,0.00927734375,0.0017273582052439451,0.0024949228391051292,0.0034474427811801434,0.003460526466369629,0.004655752331018448,0.006126950494945049
504,99,900,b,28550,30490,0.0058057960122823715,0.007562252692878246,0.030517578125,0.001718991668894887,0.0024949205107986927,0.003972225356847048,0.00344282784499228,0.004638202488422394,0.006688097026199102
505,99,900,b,27126,29778,0.005627939011901617,0.007404373027384281,0.003173828125,0.0017097549280151725,0.002494906075298786,0.0038226242177188396,0.003426125505939126,0.004593730438500643,0.006450111512094736
506,99,900,b,27462,29946,0.005442732945084572,0.007106180302798748,0.013671875,0.001720336964353919,0.0024948525242507458,0.0034903285559266806,0.003444744274020195,0.004614484030753374,0.005988200195133686
507,99,900,a,28696,14348,0.005525690969079733,0.00718029635027051,0.001220703125,0.0017310500843450427,0.002494841581210494,0.0033042423892766237,0.0034626424312591553,0.004640428349375725,0.00565857719630003
508,99,900,a,26816,13408,0.005583580583333969,0.007193824741989374,0.02392578125,0.00171880261041224,0.002494777785614133,0.0034249296877533197,0.003444275353103876,0.00460277171805501,0.005978059489279985
509,99,900,b,27046,29738,0.0054170615039765835,0.007078748662024736,0.017333984375,0.001694306149147451,0.002494734013453126,0.0035651596263051033,0.0034018480218946934,0.004587686620652676,0.006198807153850794
510,99,900,a,26760,13380,0.005484000314027071,0.007164034992456436,0.0009765625,0.0017386721447110176,0.00249433983117342,0.0036171739920973778,0.003467739326879382,0.004634312354028225,0.006152915768325329
511,99,900,a,27856,13928,0.00608987407758832,0.008648873306810856,0.01953125,0.0017221501329913735,0.0024943151511251926,0.003506092121824622,0.003448911476880312,0.004646374378353357,0.006265596486628056
512,99,900,b,27062,29746,0.005534791387617588,0.007370028644800186,0.0,0.001709686708636582,0.0024942948948591948,0.0033356137573719025,0.0034275399520993233,0.004639407619833946,0.005813459865748882
513,99,900,b,26526,29478,0.005658927373588085,0.007504424080252647,0.029541015625,0.0017157733673229814,0.0024941994342952967,0.003773082047700882,0.00343568273819983,0.0046534305438399315,0.006627603899687529
514,99,900,a,26464,13232,0.005539471283555031,0.007297180593013763,0.007568359375,0.0017273116391152143,0.0024941381998360157,0.0032649103086441755,0.0034581501968204975,0.004642664920538664,0.005753392353653908
515,99,900,b,28222,30326,0.005472490098327398,0.0071106539107859135,0.00927734375,0.0017172254156321287,0.0024939989671111107,0.0031256545335054398,0.0034405000042170286,0.004629194270819426,0.005686979275196791
516,99,900,b,28190,30310,0.005286138504743576,0.006958656944334507,0.000732421875,0.001714165904559195,0.00249388231895864,0.003644091309979558,0.0034340876154601574,0.0046220337972044945,0.006103831809014082
517,99,900,a,26520,13260,0.005264692474156618,0.006967964116483927,0.00244140625,0.00171192130073905,0.0024936713743954897,0.004038599319756031,0.0034290237817913294,0.004622730426490307,0.006652021314948797
518,99,900,b,26630,29530,0.005807040724903345,0.007518381346017122,0.028076171875,0.0017156729009002447,0.00249355542473495,0.003353058360517025,0.0034350070636719465,0.004621737636625767,0.005878474097698927
519,99,900,b,27702,30066,0.005257103126496077,0.006905466318130493,0.005126953125,0.001701618661172688,0.002493123756721616,0.0037972352001816034,0.003411811077967286,0.00460829958319664,0.006621039938181639
520,99,900,a,27752,13876,0.005557974334806204,0.00728510832414031,0.00146484375,0.001723924302496016,0.002492778468877077,0.004601939115673304,0.003451010910794139,0.0046283346600830555,0.007699605543166399
521,99,900,a,26008,13004,0.005528808571398258,0.0071801128797233105,0.0078125,0.00171650352422148,0.002492685569450259,0.0033144326880574226,0.003442745190113783,0.004637992940843105,0.005908231250941753
522,99,900,a,28464,14232,0.005877955816686153,0.007685966789722443,0.00439453125,0.001717576291412115,0.00249261362478137,0.0039935181848704815,0.0034397440031170845,0.004603842739015818,0.006705802399665117
523,99,900,b,27598,30014,0.0054740821942687035,0.00726722739636898,0.013916015625,0.0017054204363375902,0.00249248999170959,0.0035664872266352177,0.0034191880840808153,0.004612533841282129,0.0063869403675198555
524,99,900,a,28928,14464,0.005866795778274536,0.008024738170206547,0.006103515625,0.0017190136713907123,0.002492329804226756,0.0033106785267591476,0.0034404888283461332,0.004619646351784468,0.005854720249772072
525,99,900,b,27222,29826,0.00554297398775816,0.007253059186041355,0.01708984375,0.0017032771138474345,0.002492298139259219,0.003838486038148403,0.0034159075003117323,0.004624154884368181,0.006578429602086544
526,99,900,a,28736,14368,0.005495663732290268,0.007200636900961399,0.00048828125,0.0017065509455278516,0.0024922695010900497,0.003488382091745734,0.003425873816013336,0.004599695093929768,0.0060695926658809185
527,99,900,b,28374,30402,0.00546902185305953,0.007205917499959469,0.008544921875,0.001711601740680635,0.0024921928998082876,0.003671579295769334,0.003434434998780489,0.004645826295018196,0.006222199648618698
528,99,900,b,28630,30530,0.005605712532997131,0.0072813439182937145,0.010986328125,0.0017199316062033176,0.002492040628567338,0.004001157358288765,0.003443906782194972,0.0046284678392112255,0.006948531139642
529,99,900,b,28062,30246,0.005316394846886396,0.007052467204630375,0.019287109375,0.0016938807675614953,0.0024920182768255472,0.00340628856793046,0.003402900183573365,0.004628141410648823,0.006120667792856693
530,99,900,b,28126,30278,0.0052785808220505714,0.007088693790137768,0.01513671875,0.0017006400739774108,0.00249173934571445,0.003609557170420885,0.0034177738707512617,0.004625255241990089,0.006048813462257385
531,99,900,a,26808,13404,0.005448910873383284,0.007092139683663845,0.02783203125,0.001723082852549851,0.0024910736829042435,0.004438301082700491,0.003453718964010477,0.004587274510413408,0.007322348654270172
532,99,900,a,26728,13364,0.005445037502795458,0.00719032809138298,0.00244140625,0.0017110275803133845,0.0024907535407692194,0.0037837433628737926,0.0034271194599568844,0.004569947719573975,0.0063804741948843
533,99,900,b,26790,29610,0.005597500130534172,0.007431935053318739,0.01123046875,0.0017240858869627118,0.0024904224555939436,0.0034165147226303816,0.0034498553723096848,0.004662376828491688,0.005847608204931021
534,99,900,b,28078,30254,0.005507522728294134,0.007291265297681093,0.021240234375,0.0017110338667407632,0.002490338636562228,0.0033986305352300406,0.003426761133596301,0.004613915923982859,0.005982528906315565
535,99,900,b,28014,30222,0.005050955340266228,0.006632505916059017,0.004638671875,0.001691088662482798,0.0024903202429413795,0.0034663451369851828,0.0033950256183743477,0.004645050037652254,0.005978823639452457
536,99,900,a,28592,14296,0.005642393603920937,0.007354435510933399,0.015625,0.0017186810728162527,0.002490298356860876,0.0042474535293877125,0.0034438627772033215,0.004634792450815439,0.006964325439184904
537,99,900,a,26216,13108,0.0058473506942391396,0.007796655409038067,0.0244140625,0.0017146372701972723,0.0024901493452489376,0.0038040613289922476,0.003434655489400029,0.004648779984563589,0.006740258075296879
538,99,900,b,28558,30494,0.005452284123748541,0.0070886374451220036,0.035400390625,0.0017018031794577837,0.00249001057818532,0.0041921199299395084,0.003413531929254532,0.004626711830496788,0.007070162333548069
539,99,900,b,29014,30722,0.005582157988101244,0.007503232453018427,0.014404296875,0.0017173613887280226,0.0024900094140321016,0.0037194075994193554,0.003440945176407695,0.004610301461070776,0.006316588260233402
540,99,900,b,28694,30562,0.005572753492742777,0.007257820572704077,0.0361328125,0.0017205378971993923,0.0024899120908230543,0.003383431350812316,0.0034440183080732822,0.004608142655342817,0.005867615342140198
541,99,900,b,28894,30662,0.005392907187342644,0.007250466849654913,0.010986328125,0.0017173168016597629,0.0024898971896618605,0.0036937661934643984,0.0034402357414364815,0.00458312314003706,0.006182721350342035
542,99,900,a,26480,13240,0.00559886684641242,0.007403646130114794,0.01953125,0.001709909294731915,0.0024898189585655928,0.0035920939408242702,0.003427637740969658,0.004553737118840218,0.006073999218642712
543,99,900,b,27982,30206,0.005379748996347189,0.007046047132462263,0.01611328125,0.0016961266519501805,0.0024893146473914385,0.0038511103484779596,0.0034056915901601315,0.00465650949627161,0.006432372611016035
544,99,900,a,26488,13244,0.005652699153870344,0.007702232804149389,0.000732421875,0.001727616530843079,0.00248914398252964,0.004144018050283194,0.003455989295616746,0.004636251367628574,0.007116291671991348
545,99,900,a,28888,14444,0.005782808177173138,0.007719486486166716,0.013427734375,0.0017105485312640667,0.002488941652700305,0.0035677559208124876,0.0034295148216187954,0.00459141843020916,0.006238679401576519
546,99,900,a,26624,13312,0.0051630837842822075,0.006745436694473028,0.00439453125,0.0017236486310139298,0.0024887695908546448,0.003253781469538808,0.0034532302524894476,0.004599274136126041,0.005599495489150286
547,99,900,a,26312,13156,0.005475108046084642,0.007168361451476812,0.0048828125,0.0017350111156702042,0.0024886697065085173,0.0037645711563527584,0.0034643716644495726,0.004575909581035376,0.006382460705935955
548,99,900,b,26998,29714,0.005518221762031317,0.007136565167456865,0.02490234375,0.001703636604361236,0.0024886152241379023,0.0040923552587628365,0.003418491454795003,0.00461822934448719,0.006812951993197203
549,99,900,b,26806,29618,0.005626121535897255,0.00731918029487133,0.0048828125,0.0017214977415278554,0.0024884920567274094,0.003219170495867729,0.003444500733166933,0.004649159964174032,0.005714986938983202
550,99,900,a,26192,13096,0.005557491444051266,0.007363444194197655,0.02197265625,0.0017047860892489552,0.002487935358658433,0.0037913040723651648,0.003422423964366317,0.00463032815605402,0.006871536839753389
551,99,900,b,27110,29770,0.005642025265842676,0.00739691499620676,0.001953125,0.0017069694586098194,0.0024878547992557287,0.0037172550801187754,0.0034220488741993904,0.0046462491154670715,0.006285225506871939
552,99,900,a,28920,14460,0.0057249306701123714,0.007611049804836512,0.00439453125,0.0017200788715854287,0.002487783320248127,0.00334715167991817,0.003445335663855076,0.004653050098568201,0.005799435544759035
553,99,900,b,27926,30178,0.005542927887290716,0.00744298892095685,0.016845703125,0.0017044637352228165,0.0024874755181372166,0.003565224353224039,0.003416645573452115,0.004587110597640276,0.005986709613353014
554,99,900,b,28686,30558,0.005358722526580095,0.007041324395686388,0.03564453125,0.0017010156298056245,0.0024873530492186546,0.003371183294802904,0.0034171026200056076,0.004590832162648439,0.005962074268609285
555,99,900,b,27142,29786,0.005439373664557934,0.0070967101491987705,0.01611328125,0.0017103924183174968,0.002487200777977705,0.003488557180389762,0.003429448464885354,0.004593218211084604,0.00623747706413269
556,99,900,a,28992,14496,0.005811675451695919,0.007864476181566715,0.00048828125,0.0017321149352937937,0.002487181918695569,0.003658818081021309,0.0034574244637042284,0.004624867811799049,0.0060318768955767155
557,99,900,b,26870,29650,0.005615159869194031,0.007359337527304888,0.00244140625,0.0017070651520043612,0.0024871286004781723,0.003695172257721424,0.0034258724190294743,0.00457437988370657,0.006401446182280779
558,99,900,b,28526,30478,0.005571869667619467,0.007277512922883034,0.023193359375,0.0017070916946977377,0.0024868217296898365,0.0034431808162480593,0.0034263445995748043,0.00459806015715003,0.005905260797590017
559,99,900,a,26584,13292,0.005926872603595257,0.007890287786722183,0.017333984375,0.0017173488158732653,0.0024867102038115263,0.003942901734262705,0.0034478141460567713,0.004647265188395977,0.006667102221399546
560,99,900,a,27992,13996,0.005775912664830685,0.007760606240481138,0.00244140625,0.0017318567261099815,0.00248649506829679,0.0037567252293229103,0.003461951157078147,0.004596744664013386,0.006297493819147348
561,99,900,b,27542,29986,0.005468528252094984,0.0071111805737018585,0.020751953125,0.0017159514827653766,0.002486288780346513,0.0037637180648744106,0.0034392212983220816,0.004599224776029587,0.0062278686091303825
562,99,900,a,28320,14160,0.005583302117884159,0.007274731993675232,0.016357421875,0.001729892916046083,0.0024861437268555164,0.004040537402033806,0.0034574316814541817,0.004617447033524513,0.006568893324583769
563,99,900,b,26918,29674,0.005236936267465353,0.0069196829572319984,0.01904296875,0.0017126196762546897,0.0024859595578163862,0.003436501370742917,0.003431802848353982,0.004607208538800478,0.0059135048650205135
564,99,900,a,26472,13236,0.005672266241163015,0.007428999524563551,0.02490234375,0.0017145310994237661,0.002485882490873337,0.003594537265598774,0.00343883503228426,0.004637421108782291,0.006069238763302565
565,99,900,a,28600,14300,0.005685368552803993,0.007633926346898079,0.003662109375,0.001709457254037261,0.0024858422111719847,0.0034071989357471466,0.003431087825447321,0.004631309770047665,0.006054151803255081
566,99,900,b,28326,30378,0.005379898007959127,0.007059055380523205,0.021240234375,0.0016926620155572891,0.0024857991375029087,0.0032462659291923046,0.00340314581990242,0.004600232001394033,0.005828202236443758
567,99,900,a,25944,12972,0.005577872972935438,0.007418515160679817,0.017822265625,0.0017210000660270452,0.0024857958778738976,0.0036009468603879213,0.0034433058463037014,0.004632108379155397,0.006087308283895254
568,99,900,a,27760,13880,0.005471312440931797,0.007281403057277203,0.00439453125,0.0017194648971781135,0.0024857863318175077,0.00373725569806993,0.0034442665055394173,0.0046011642552912235,0.006356771569699049
569,99,900,b,27446,29938,0.0055807046592235565,0.007310744374990463,0.01171875,0.0017144129378721118,0.0024857467506080866,0.004206935875117779,0.003435602644458413,0.004583613481372595,0.006972932256758213
570,99,900,b,26406,29418,0.005823798011988401,0.0077100698836147785,0.0234375,0.001717642298899591,0.002485657809302211,0.003781056497246027,0.0034375288523733616,0.004636930767446756,0.006493542343378067
571,99,900,b,28334,30382,0.005731785204261541,0.007544116582721472,0.02001953125,0.001703876187093556,0.00248558446764946,0.003323858603835106,0.0034195110201835632,0.004627557471394539,0.006058298982679844
572,99,900,b,28622,30526,0.005449256859719753,0.007152934093028307,0.0107421875,0.001719726831652224,0.002485209610313177,0.004102526232600212,0.003445594571530819,0.004594557918608189,0.007007327396422625
573,99,900,a,28616,14308,0.005785706453025341,0.007617555558681488,0.012939453125,0.001713064732030034,0.002485124859958887,0.0034962156787514687,0.003434784710407257,0.004606915172189474,0.006303464062511921
574,99,900,b,26510,29470,0.00568725960329175,0.007364526856690645,0.006591796875,0.0017149168998003006,0.0024847432505339384,0.003427141346037388,0.0034361155703663826,0.004594539757817984,0.00590366218239069
575,99,900,a,26160,13080,0.005662975367158651,0.007437464315444231,0.01025390625,0.0017123608849942684,0.0024846545420587063,0.0036797451321035624,0.003435078077018261,0.0046450733207166195,0.006405817344784737
576,99,900,a,26296,13148,0.005634101573377848,0.007435321342200041,0.012451171875,0.0017175462562590837,0.0024845849256962538,0.003619927680119872,0.0034407407511025667,0.004599465988576412,0.006486598867923021
577,99,900,a,29160,14580,0.005575496703386307,0.0071824113838374615,0.02587890625,0.001723365392535925,0.0024844652507454157,0.0035800670739263296,0.00345131428912282,0.004632037132978439,0.005928623490035534
578,99,900,b,28462,30446,0.005660350434482098,0.007389258127659559,0.0009765625,0.001716465805657208,0.0024839905090630054,0.0033685306552797556,0.003441802691668272,0.004611363634467125,0.005845582578331232
579,99,900,b,29134,30782,0.005576109979301691,0.007426357362419367,0.020751953125,0.0017070247558876872,0.002483735093846917,0.003806753782555461,0.0034247625153511763,0.004629548639059067,0.006604003254324198
580,99,900,b,27294,29862,0.005408024415373802,0.007088069804012775,0.021484375,0.0016969303833320737,0.00248360657133162,0.00349444686435163,0.003404583316296339,0.00463184155523777,0.006115241441875696
581,99,900,b,28878,30654,0.005553841590881348,0.007190713193267584,0.00048828125,0.0017077306983992457,0.0024835739750415087,0.0033049650955945253,0.0034233981277793646,0.004599364008754492,0.005702911410480738
582,99,900,b,28806,30618,0.0058853523805737495,0.00767586100846529,0.009521484375,0.0017143655568361282,0.002483492251485586,0.003582276636734605,0.0034326084423810244,0.0046349479816854,0.00639725849032402
583,99,900,a,27648,13824,0.006147541105747223,0.008008393459022045,0.0009765625,0.0017199377762153745,0.0024832035414874554,0.0038087961729615927,0.003443306777626276,0.004585615359246731,0.006381016690284014
584,99,900,b,28702,30566,0.0055834888480603695,0.007368413265794516,0.02197265625,0.0017083255806937814,0.002482175827026367,0.003836981952190399,0.0034273765049874783,0.00455347029492259,0.006489746272563934
585,99,900,b,28430,30430,0.00563107430934906,0.007388549391180277,0.025634765625,0.0017175516113638878,0.0024821751285344362,0.0038737193681299686,0.003439540509134531,0.004587919916957617,0.006631439086049795
586,99,900,b,27806,30118,0.004991405643522739,0.0065518030896782875,0.000244140625,0.0017017230857163668,0.002482108771800995,0.003431326011195779,0.003414420410990715,0.004649593494832516,0.006136506330221891
587,99,900,a,28488,14244,0.005887101870030165,0.007802074775099754,0.00146484375,0.001711008371785283,0.0024820074904710054,0.003686523763462901,0.003429546719416976,0.004582436289638281,0.00626448355615139
588,99,900,b,28262,30346,0.00547271640971303,0.007180478889495134,0.017333984375,0.001703705289401114,0.0024819134268909693,0.0033790133893489838,0.0034173154272139072,0.004583527334034443,0.005898107308894396
589,99,900,b,27358,29894,0.005463840905576944,0.00722990557551384,0.012939453125,0.001703792018815875,0.0024817613884806633,0.0036804722622036934,0.0034183443058282137,0.0046253502368927,0.006344836670905352
590,99,900,a,28952,14476,0.005664098542183638,0.00768241286277771,0.00439453125,0.0017151623032987118,0.0024815385695546865,0.0038681135047227144,0.0034356415271759033,0.004613824654370546,0.006499254144728184
591,99,900,b,28206,30318,0.00551928486675024,0.0071754613891243935,0.009765625,0.0017136478563770652,0.0024813928175717592,0.003971262834966183,0.00343469250947237,0.004630660638213158,0.0065050628036260605
592,99,900,a,26896,13448,0.005632456857711077,0.007478580344468355,0.013427734375,0.0017216114792972803,0.0024813171476125717,0.003989791497588158,0.0034439743030816317,0.004648095462471247,0.006502257194370031
593,99,900,a,26288,13144,0.00542400311678648,0.0070830583572387695,0.00927734375,0.0017141023417934775,0.002481259638443589,0.003570627886801958,0.0034360461868345737,0.004621934145689011,0.006122685503214598
594,99,900,a,28816,14408,0.0057304613292217255,0.007575462572276592,0.002685546875,0.0017105796141549945,0.0024810731410980225,0.0037199531216174364,0.0034336859825998545,0.0046046702191233635,0.006139655131846666
595,99,900,a,26544,13272,0.005562222097069025,0.0072922552935779095,0.0,0.0017174446256831288,0.0024810233153402805,0.003677587490528822,0.0034403095487505198,0.004650159273296595,0.006325657479465008
596,99,900,b,28614,30522,0.0055327764712274075,0.007451331242918968,0.0146484375,0.001711684395559132,0.002480776747688651,0.0035942578688263893,0.0034310196060687304,0.004566486459225416,0.006035059690475464
597,99,900,b,29006,30718,0.005676139146089554,0.00751528050750494,0.01611328125,0.001711954828351736,0.0024805571883916855,0.0031995170284062624,0.0034331954084336758,0.004591078497469425,0.005879000760614872
598,99,900,b,27286,29858,0.005248307716101408,0.006782324519008398,0.018798828125,0.001702192472293973,0.0024804756976664066,0.003587511368095875,0.003416602499783039,0.004599221982061863,0.006189155858010054
599,99,900,b,26822,29626,0.005627105012536049,0.007394169457256794,0.0087890625,0.0017165690660476685,0.0024802919942885637,0.0037957383319735527,0.0034390403889119625,0.004591681994497776,0.006388604640960693
600,99,900,a,28376,14188,0.005815507378429174,0.00769662344828248,0.010498046875,0.0017188668716698885,0.0024802754633128643,0.00387327978387475,0.003442459972575307,0.004592270124703646,0.006407668814063072
601,99,900,a,28168,14084,0.005658156704157591,0.007349677383899689,0.013427734375,0.0017158796545118093,0.0024800237733870745,0.003853167872875929,0.003439539112150669,0.0046149021945893764,0.006701114121824503
602,99,900,b,29070,30750,0.005820853170007467,0.00760985491797328,0.033935546875,0.0017106086015701294,0.0024799909442663193,0.003480953397229314,0.003430865239351988,0.0046218265779316425,0.00592963770031929
603,99,900,a,26168,13084,0.005763383116573095,0.007601143792271614,0.02197265625,0.0017049479065462947,0.0024797888472676277,0.0034975241869688034,0.0034243823029100895,0.004609879571944475,0.006396450102329254
604,99,900,b,28150,30290,0.005438083782792091,0.00718030845746398,0.038330078125,0.0017043277621269226,0.0024793287739157677,0.0034442737232893705,0.0034236859064549208,0.004583934787660837,0.006277493201196194
605,99,900,b,27966,30198,0.005675804801285267,0.0077056302689015865,0.021728515625,0.0016985286492854357,0.002479266608133912,0.003827619133517146,0.0034080324694514275,0.00460782228037715,0.006434259004890919
606,99,900,a,28400,14200,0.005621133837848902,0.007452227640897036,0.00927734375,0.0017179767601191998,0.002479218877851963,0.004437287338078022,0.003444292116910219,0.004614370875060558,0.006993718445301056
607,99,900,a,26768,13384,0.005631258711218834,0.007422524970024824,0.0146484375,0.0017122570425271988,0.0024791837204247713,0.0033374116756021976,0.0034300307743251324,0.004626080393791199,0.005654747597873211
608,99,900,b,28846,30638,0.005500447936356068,0.007157323881983757,0.00634765625,0.0017348523251712322,0.0024791802279651165,0.0038441161159425974,0.003464428009465337,0.004625237546861172,0.006577978376299143
609,99,900,a,26704,13352,0.0057914662174880505,0.0076853749342262745,0.001708984375,0.0017239100998267531,0.0024791548494249582,0.003579092677682638,0.0034542575012892485,0.0045982361771166325,0.006271276157349348
610,99,900,b,28446,30438,0.005313238129019737,0.007027894724160433,0.025146484375,0.001706242561340332,0.0024787085130810738,0.0036800368689000607,0.0034225457347929478,0.004585506860166788,0.0064202649518847466
611,99,900,a,26248,13124,0.005901806987822056,0.007921711541712284,0.015380859375,0.001715456834062934,0.0024786649737507105,0.004030808340758085,0.0034341004211455584,0.004610427655279636,0.006734365131705999
612,99,900,b,27262,29846,0.005276239011436701,0.007029194850474596,0.02685546875,0.0017002546228468418,0.002478524809703231,0.003729278454557061,0.0034125526435673237,0.004585093352943659,0.006379822269082069
613,99,900,a,26696,13348,0.005802099127322435,0.0076256743632256985,0.001220703125,0.0017373152077198029,0.002478201873600483,0.00332256848923862,0.003475871169939637,0.004591729957610369,0.0057568722404539585
614,99,900,a,27880,13940,0.005857365671545267,0.007731904741376638,0.01513671875,0.0017193281091749668,0.0024780393578112125,0.003516650991514325,0.003442579647526145,0.004599237348884344,0.006157041061669588
615,99,900,a,26328,13164,0.005755851045250893,0.007615034002810717,0.003173828125,0.0017185402102768421,0.0024777462240308523,0.0033530164510011673,0.0034436285495758057,0.004582526627928019,0.006010533310472965
616,99,900,b,26958,29694,0.005362276453524828,0.007062017451971769,0.023681640625,0.0017089761095121503,0.0024777164217084646,0.0034243164118379354,0.0034284903667867184,0.004605039022862911,0.005866516847163439
617,99,900,a,26224,13112,0.005773182958364487,0.0076493630185723305,0.021484375,0.0017031680326908827,0.0024774938356131315,0.003938859328627586,0.00341686955653131,0.0046183085069060326,0.006925603840500116
618,99,900,a,28776,14388,0.005666680168360472,0.007476334925740957,0.00537109375,0.0017049472080543637,0.002477420959621668,0.0038857939653098583,0.003425335744395852,0.004618095234036446,0.006503583863377571
619,99,900,b,27726,30078,0.005357132293283939,0.006919757463037968,0.015380859375,0.0016907358076423407,0.002477204892784357,0.003305944846943021,0.003395302454009652,0.004612246993929148,0.005745447240769863
620,99,900,a,26304,13152,0.005701648071408272,0.007517574355006218,0.006591796875,0.0017259131418541074,0.0024770712479948997,0.004458232782781124,0.0034499361645430326,0.004632845055311918,0.007110724691301584
621,99,900,b,26462,29446,0.005661485251039267,0.007336047012358904,0.00390625,0.0017132341163232923,0.002476974856108427,0.0033445595763623714,0.0034342696890234947,0.00461390009149909,0.005906007252633572
622,99,900,a,26712,13356,0.005613401532173157,0.007439765147864819,0.00390625,0.0017185311298817396,0.0024769289884716272,0.0034631090238690376,0.00344534101895988,0.004585893824696541,0.006137266289442778
623,99,900,a,28424,14212,0.005622949916869402,0.007427701726555824,0.01611328125,0.001711343415081501,0.002476920373737812,0.0035732360556721687,0.003435862483456731,0.004600885324180126,0.0062392354011535645
624,99,900,a,29184,14592,0.005960451439023018,0.007855015806853771,0.023681640625,0.0017258068546652794,0.0024766342248767614,0.0038568959571421146,0.003450685879215598,0.004608222749084234,0.006406904198229313
625,99,900,a,26824,13412,0.00553687009960413,0.007212311029434204,0.025146484375,0.0017160644056275487,0.0024765986017882824,0.003605971345677972,0.0034369267523288727,0.004593253135681152,0.006136953830718994
626,99,900,b,28086,30258,0.005382800009101629,0.006999923847615719,0.022705078125,0.0016966311959549785,0.002476566703990102,0.003659212728962302,0.0034060776233673096,0.004608691670000553,0.006133909337222576
627,99,900,b,27326,29878,0.00538156321272254,0.007277762982994318,0.01318359375,0.0016913912259042263,0.002476378809660673,0.0037921988405287266,0.0033993059769272804,0.004591615870594978,0.0062905848026275635
628,99,900,b,28534,30482,0.005641729570925236,0.007536772638559341,0.03466796875,0.001696087303571403,0.002476327121257782,0.0037517233286052942,0.003408751217648387,0.004610872827470303,0.006467869970947504
629,99,900,a,28608,14304,0.0058244746178388596,0.007766629569232464,0.003662109375,0.0017212351085618138,0.002476195804774761,0.0034658147487789392,0.0034462609328329563,0.004586108028888702,0.006120519246906042
630,99,900,a,26256,13128,0.005904451012611389,0.007826589979231358,0.007080078125,0.0017144451849162579,0.0024760705418884754,0.00365459150634706,0.003433216130360961,0.004567764699459076,0.00629817321896553
631,99,900,b,27214,29822,0.00550135737285018,0.007179751060903072,0.021728515625,0.0016990553122013807,0.002475850284099579,0.0037178811617195606,0.003408648306503892,0.004632547032088041,0.006488954648375511
632,99,900,b,26894,29662,0.005341640207916498,0.006946679204702377,0.009765625,0.0016967535484582186,0.002475702203810215,0.0034795573446899652,0.0034086075611412525,0.0045854272320866585,0.0060510109178721905
633,99,900,b,29078,30754,0.0055463784374296665,0.007357240654528141,0.029052734375,0.0016979320207610726,0.0024755934718996286,0.003414725186303258,0.0034119358751922846,0.004588335752487183,0.006081755273044109
634,99,900,a,26552,13276,0.005644865334033966,0.007298724725842476,0.00048828125,0.0017087474698200822,0.002475474262610078,0.0038893502205610275,0.00342564401216805,0.0046020266599953175,0.006537483539432287
635,99,900,b,29022,30726,0.005654298700392246,0.0074957190081477165,0.020751953125,0.0017161082942038774,0.0024753082543611526,0.0042024049907922745,0.003440059022977948,0.004615403711795807,0.006969775073230267
636,99,900,b,27974,30202,0.005624729674309492,0.007453271187841892,0.022705078125,0.0016832208493724465,0.002475287299603224,0.0036201297771185637,0.003388104261830449,0.0045942747965455055,0.006233592983335257
637,99,900,b,28750,30590,0.0056709833443164825,0.007382710464298725,0.012451171875,0.0017152571817860007,0.0024752465542405844,0.0039189718663692474,0.0034356005489826202,0.004595710895955563,0.00661270460113883
638,99,900,b,27334,29882,0.005050227511674166,0.006747555453330278,0.002685546875,0.0016967288684099913,0.0024752456229180098,0.004000047221779823,0.003408455988392234,0.004625184461474419,0.00666236924007535
639,99,900,b,29102,30766,0.005292218178510666,0.006986204069107771,0.0283203125,0.0017027705907821655,0.0024751650635153055,0.003890829859301448,0.0034185012336820364,0.004608768969774246,0.006430567242205143
640,99,900,a,26792,13396,0.005647626239806414,0.007429587654769421,0.003662109375,0.0017206758493557572,0.002474716864526272,0.0033260886557400227,0.0034443477634340525,0.0045474679209291935,0.005708045791834593
641,99,900,b,28966,30698,0.005501592066138983,0.007258517201989889,0.011474609375,0.001701917266473174,0.0024746775161474943,0.0035305884666740894,0.0034154620952904224,0.004615342244505882,0.006482096388936043
642,99,900,a,26432,13216,0.005566775798797607,0.007377959322184324,0.00830078125,0.0017193092498928308,0.002474658191204071,0.0035681503359228373,0.0034471608232706785,0.004621224477887154,0.00660839444026351
643,99,900,a,28192,14096,0.00593369547277689,0.007915881462395191,0.020751953125,0.0017200132133439183,0.0024745261762291193,0.0037525403313338757,0.003445803187787533,0.004596893209964037,0.00640625786036253
644,99,900,b,26846,29638,0.0056817857548594475,0.007485867943614721,0.00732421875,0.0017218801658600569,0.002474435605108738,0.003468599170446396,0.0034469475504010916,0.004608456511050463,0.006014971062541008
645,99,900,b,27078,29754,0.005659795831888914,0.00730520486831665,0.002685546875,0.0017060566460713744,0.002474431646987796,0.0035997279919683933,0.0034190628211945295,0.004588640760630369,0.006145385093986988
646,99,900,b,26734,29582,0.00546569237485528,0.007161391898989677,0.004150390625,0.0017170944483950734,0.002474329201504588,0.0035964965354651213,0.0034413610119372606,0.004622125998139381,0.006149784196168184
647,99,900,b,26326,29378,0.005458171479403973,0.0072155119851231575,0.02001953125,0.0017156862886622548,0.0024741787929087877,0.003482188330963254,0.0034342289436608553,0.004596454091370106,0.006086434703320265
648,99,900,b,27718,30074,0.005269870162010193,0.006897337734699249,0.013916015625,0.001698983134701848,0.002474044682458043,0.0035794181749224663,0.0034083062782883644,0.004590404219925404,0.006011646706610918
649,99,900,a,28184,14092,0.005899860057979822,0.007838113233447075,0.029052734375,0.0017157701076939702,0.00247390940785408,0.0036448773462325335,0.0034362650476396084,0.004595940932631493,0.006391954608261585
650,99,900,b,27070,29750,0.0056311157532036304,0.007409247569739819,0.002197265625,0.001700136112049222,0.0024738702923059464,0.0034639385994523764,0.003411628305912018,0.004609836731106043,0.006005140021443367
651,99,900,a,26632,13316,0.005164525471627712,0.006837168242782354,0.005859375,0.0017224843613803387,0.0024735466577112675,0.0032729494851082563,0.0034495964646339417,0.0045882342383265495,0.005509837530553341
652,99,900,a,26272,13136,0.005756635218858719,0.007487423252314329,0.005126953125,0.0017211867962032557,0.0024730965960770845,0.0038065824192017317,0.003445087932050228,0.004619737155735493,0.00683574890717864
653,99,900,a,26208,13104,0.0058530960232019424,0.007693384774029255,0.01708984375,0.0017127498285844922,0.0024730791337788105,0.00383806973695755,0.0034325371962040663,0.004643917549401522,0.006579576525837183
654,99,900,a,28432,14216,0.00555404182523489,0.007277725730091333,0.004638671875,0.0017197271808981895,0.002473066793754697,0.0038851152639836073,0.003447201568633318,0.004600496497005224,0.006266000680625439
655,99,900,b,26934,29682,0.005453331861644983,0.007158272434026003,0.027099609375,0.00171372527256608,0.0024729843717068434,0.003578845178708434,0.003433607518672943,0.004592150915414095,0.006055328529328108
656,99,900,b,29038,30734,0.005933359730988741,0.007823591120541096,0.0185546875,0.001715078018605709,0.0024726148694753647,0.003651904873549938,0.0034386522602289915,0.004618855658918619,0.0062019615434110165
657,99,900,b,28342,30386,0.005628837738186121,0.0075196074321866035,0.0185546875,0.0016887473175302148,0.0024722986854612827,0.0033358661457896233,0.0033973914105445147,0.00453677773475647,0.005810557398945093
658,99,900,b,26374,29402,0.005512283183634281,0.007273860275745392,0.00830078125,0.0017151514766737819,0.0024722525849938393,0.0036986880004405975,0.003434171434491873,0.004592649172991514,0.006278887391090393
659,99,900,a,29104,14552,0.005644912365823984,0.007458625826984644,0.026123046875,0.0017227847129106522,0.0024722092784941196,0.0036418414674699306,0.0034432637039572,0.004597564693540335,0.006483960431069136
660,99,900,b,28278,30354,0.005624083802103996,0.007379316259175539,0.01611328125,0.001708711264654994,0.002472135704010725,0.0035177054814994335,0.003424363676458597,0.004582518246024847,0.005981312599033117
661,99,900,b,26486,29458,0.0055346558801829815,0.00723999785259366,0.0107421875,0.0017227709759026766,0.0024721284862607718,0.0038395908195525408,0.003450388554483652,0.004593731835484505,0.006295511033385992
662,99,900,a,26592,13296,0.00555146299302578,0.007404412608593702,0.009033203125,0.0017260777531191707,0.002471986459568143,0.0032841097563505173,0.0034616603516042233,0.0046057915315032005,0.005617427174001932
663,99,900,b,27518,29974,0.0057774982415139675,0.0078017134219408035,0.021728515625,0.001717129023745656,0.002471718704327941,0.0035885446704924107,0.0034392622765153646,0.004552468191832304,0.005996996536850929
664,99,900,a,27816,13908,0.00559628289192915,0.007311305962502956,0.009521484375,0.001721672248095274,0.002471418585628271,0.0039854575879871845,0.003442833898589015,0.004644489381462336,0.006563377100974321
665,99,900,b,26670,29550,0.005468955263495445,0.007285797968506813,0.00341796875,0.0017308940878137946,0.0024710253346711397,0.003450765972957015,0.003462191903963685,0.004594658967107534,0.006178506184369326
666,99,900,b,27990,30210,0.005095310974866152,0.0066918120719492435,0.002685546875,0.0016964009264484048,0.0024707361590117216,0.0037724890280514956,0.0034063386265188456,0.004579205997288227,0.006466506514698267
667,99,900,a,27280,13640,0.005843270104378462,0.007612955756485462,0.01708984375,0.001717503066174686,0.0024704658426344395,0.003669070079922676,0.003436263417825103,0.004620852414518595,0.00622738478705287
668,99,900,b,27654,30042,0.005502002779394388,0.007369056344032288,0.017578125,0.001700613647699356,0.002470349194481969,0.003895827569067478,0.0034169740974903107,0.004585586953908205,0.006454324349761009
669,99,900,a,26888,13444,0.005712756421416998,0.00745162321254611,0.019287109375,0.0017084412975236773,0.002470258390530944,0.003476511687040329,0.0034251194447278976,0.004639092367142439,0.005831478629261255
670,99,900,b,28574,30502,0.005486393813043833,0.007298411335796118,0.01416015625,0.001705398317426443,0.00246887793764472,0.004354393575340509,0.003420417197048664,0.004598933272063732,0.007361139636486769
671,99,900,a,26640,13320,0.005594718735665083,0.00731562077999115,0.017333984375,0.0017218205612152815,0.002468739403411746,0.004438615404069424,0.0034517431631684303,0.004605620633810759,0.007268532179296017
672,99,900,a,26680,13340,0.005572489928454161,0.00736804585903883,0.00244140625,0.0017282831249758601,0.0024686623364686966,0.003486469155177474,0.0034659940283745527,0.004552555736154318,0.005934265907853842
673,99,900,a,28584,14292,0.005751343909651041,0.007565116975456476,0.01171875,0.0017108689062297344,0.002468276070430875,0.0037347811739891768,0.0034302023705095053,0.00456515047699213,0.006312718149274588
674,99,900,b,27254,29842,0.00526034040376544,0.006986912339925766,0.025390625,0.0017056433716788888,0.0024680711794644594,0.003943628165870905,0.0034182192757725716,0.004626899026334286,0.006669223308563232
675,99,900,b,26590,29510,0.005736964289098978,0.007485384587198496,0.003662109375,0.0017116002272814512,0.002467698883265257,0.0033101423177868128,0.0034315434750169516,0.004588006064295769,0.005859217140823603
676,99,900,b,27534,29982,0.005334544461220503,0.007077197078615427,0.01708984375,0.0017015638295561075,0.002467649057507515,0.0034618626814335585,0.0034199999645352364,0.004631261341273785,0.005708753596991301
677,99,900,a,26656,13328,0.005852973088622093,0.007784297224134207,0.017333984375,0.0017421833472326398,0.0024676162283867598,0.003497697878628969,0.003483872627839446,0.004591565113514662,0.006293619517236948
678,99,900,b,27198,29814,0.005345997400581837,0.0070053813979029655,0.01318359375,0.0017000267980620265,0.0024674932938069105,0.0037605257239192724,0.0034067200031131506,0.004591009113937616,0.006504451390355825
679,99,900,a,28416,14208,0.005641039460897446,0.007456819526851177,0.0087890625,0.0017130423802882433,0.0024674860760569572,0.003547591157257557,0.003435984719544649,0.004597326274961233,0.006150245200842619
680,99,900,a,26336,13168,0.00545337563380599,0.007188311778008938,0.001220703125,0.0017311128322035074,0.002466987818479538,0.003672478487715125,0.003462837543338537,0.004594617988914251,0.006058383267372847
681,99,900,b,29110,30770,0.005567418411374092,0.00730730639770627,0.03466796875,0.0017151136416941881,0.002466703997924924,0.0032752202823758125,0.00344053260050714,0.004603346809744835,0.005940371658653021
682,99,900,b,27998,30214,0.005398397333920002,0.007132397498935461,0.00048828125,0.001687019132077694,0.002466624602675438,0.003441400360316038,0.0033936453983187675,0.004557570442557335,0.006242373492568731
683,99,900,b,26854,29642,0.005517322104424238,0.007312901318073273,0.009765625,0.0017210370860993862,0.0024662555661052465,0.003419475397095084,0.003449653973802924,0.004601757973432541,0.0061394874937832355
684,99,900,a,26352,13176,0.005801702383905649,0.007782994769513607,0.005859375,0.00172795623075217,0.002466234378516674,0.0038886351976543665,0.003460400737822056,0.004606044385582209,0.0063591618090868
685,99,900,b,28838,30634,0.005718651227653027,0.007434243336319923,0.015869140625,0.0017071234760805964,0.0024658802431076765,0.0036662647034972906,0.003423449117690325,0.004579381085932255,0.0063999248668551445
686,99,900,a,28408,14204,0.005617947783321142,0.0073658162727952,0.003662109375,0.0017195622203871608,0.0024658190086483955,0.003770514391362667,0.003446109127253294,0.004602682776749134,0.006499188020825386
687,99,900,b,27574,30002,0.005605336278676987,0.0073820315301418304,0.033203125,0.0017190504586324096,0.0024656676687300205,0.004083084408193827,0.0034441701136529446,0.00458046980202198,0.0067133004777133465
688,99,900,b,26830,29630,0.005639586132019758,0.007481299806386232,0.0068359375,0.0017233125399798155,0.00246532098390162,0.0034297676756978035,0.0034492560662329197,0.004622308537364006,0.005938018672168255
689,99,900,b,28502,30466,0.005570193286985159,0.007238435093313456,0.04150390625,0.0017105056904256344,0.0024650520645081997,0.0032616378739476204,0.003432313911616802,0.004591938573867083,0.005797776859253645
690,99,900,b,26966,29698,0.0054180808365345,0.007116978522390127,0.032470703125,0.0017169186612591147,0.0024646518286317587,0.0034024540800601244,0.0034405060578137636,0.004560822155326605,0.006048418115824461
691,99,900,b,27302,29866,0.005304656457155943,0.007011705543845892,0.031982421875,0.0016885795630514622,0.0024645249359309673,0.0036332670133560896,0.003390159225091338,0.004540655296295881,0.00640732329338789
692,99,900,b,28926,30678,0.005563098471611738,0.007328684441745281,0.002197265625,0.0017098827520385385,0.002464377088472247,0.004098063800483942,0.0034256770741194487,0.004604583606123924,0.006870127283036709
693,99,900,b,28590,30510,0.005541303660720587,0.007309728767722845,0.004150390625,0.0017196318367496133,0.0024641917552798986,0.003700142726302147,0.0034386510960757732,0.00457555940374732,0.006345544010400772
694,99,900,a,26672,13336,0.005800441838800907,0.007609107531607151,0.00537109375,0.0017362707294523716,0.0024636220186948776,0.004185734316706657,0.0034770516213029623,0.004586564376950264,0.00682709738612175
695,99,900,b,26598,29514,0.006049604620784521,0.00800307746976614,0.0185546875,0.0017134902300313115,0.002463567303493619,0.0035116667859256268,0.0034347434993833303,0.004584725480526686,0.006013889331370592
696,99,900,a,28448,14224,0.005760197062045336,0.007415025494992733,0.005126953125,0.0017123414436355233,0.002463547745719552,0.0036717955954372883,0.003432594472542405,0.004593573976308107,0.006496421992778778
697,99,900,b,27958,30194,0.00553430849686265,0.007354652974754572,0.0361328125,0.0016899381298571825,0.0024634699802845716,0.0038683447055518627,0.0033954051323235035,0.004541602451354265,0.006495808716863394
698,99,900,a,28664,14332,0.005379342939704657,0.007069969549775124,0.01123046875,0.0017158098053187132,0.002463370095938444,0.0038248656783252954,0.003438972169533372,0.004594604950398207,0.0066636716946959496
699,99,900,b,27158,29794,0.005646856967359781,0.007436873856931925,0.02880859375,0.0017058184603229165,0.002463067416101694,0.003491169773042202,0.0034242128022015095,0.004624815192073584,0.0062490422278642654
700,99,900,b,28454,30442,0.005484476685523987,0.007180535700172186,0.012451171875,0.0017121107084676623,0.0024630294647067785,0.003193332813680172,0.0034314971417188644,0.00456880172714591,0.005603827070444822
701,99,900,b,26470,29450,0.005742318462580442,0.007495727390050888,0.01123046875,0.0017014871118590236,0.0024627847597002983,0.0032954635098576546,0.0034175089094787836,0.0045874337665736675,0.00571004394441843
702,99,900,a,26440,13220,0.005673417821526527,0.007471646182239056,0.010009765625,0.0017066741129383445,0.002462688833475113,0.0035730262752622366,0.00342902191914618,0.0045403121039271355,0.006250697188079357
703,99,900,b,29230,30830,0.005341184791177511,0.006882416550070047,0.024658203125,0.001700154971331358,0.0024621032644063234,0.0037658733781427145,0.003414524020627141,0.0045800586231052876,0.006538014393299818
704,99,900,a,26360,13180,0.005911641288548708,0.007908276282250881,0.01123046875,0.0017230885569006205,0.0024620878975838423,0.003933066967874765,0.0034500560723245144,0.004599249456077814,0.006431062705814838
705,99,900,a,26600,13300,0.005615596193820238,0.007386683952063322,0.011962890625,0.001722065033391118,0.0024619910400360823,0.003453524550423026,0.003450151300057769,0.004585864022374153,0.006003154441714287
706,99,900,b,26606,29518,0.0058952453546226025,0.0077446382492780685,0.012939453125,0.0017093293135985732,0.0024615975562483072,0.0037103963550180197,0.0034275406505912542,0.004538613371551037,0.0061541651375591755
707,99,900,b,28494,30462,0.005350826773792505,0.0071035888977348804,0.03515625,0.0017128163017332554,0.0024615919683128595,0.0035687529016286135,0.0034362145233899355,0.004579339176416397,0.006000561639666557
708,99,900,b,28254,30342,0.005609985440969467,0.0074331434443593025,0.0244140625,0.001691864337772131,0.002461262745782733,0.003315259935334325,0.003398140659555793,0.004543368238955736,0.00573432631790638
709,99,900,b,28166,30298,0.005610940977931023,0.007577843964099884,0.02734375,0.0016951484140008688,0.0024611761327832937,0.0037004228215664625,0.003405024064704776,0.004615840967744589,0.006250791717320681
710,99,900,a,26400,13200,0.005681351758539677,0.007492690812796354,0.003173828125,0.001718395040370524,0.0024606178048998117,0.003933927975594997,0.0034428166691213846,0.004579249303787947,0.006643281318247318
711,99,900,b,27918,30174,0.005709947552531958,0.007592230103909969,0.012451171875,0.0016913919243961573,0.0024603852070868015,0.003735162550583482,0.003395925974473357,0.004618030972778797,0.00634919386357069
712,99,900,b,27894,30162,0.005481301341205835,0.007372118066996336,0.002685546875,0.0016922076465561986,0.002459884388372302,0.004020429216325283,0.0033979753497987986,0.004574478603899479,0.00650028558447957
713,99,900,a,26840,13420,0.00571639696136117,0.007601472083479166,0.0146484375,0.0017181551083922386,0.0024597765877842903,0.0037530981935560703,0.0034419125877320766,0.004577739629894495,0.006599558517336845
714,99,900,b,27606,30018,0.005319532006978989,0.0069809844717383385,0.013916015625,0.0016998682403936982,0.0024595321156084538,0.003536632750183344,0.003416190855205059,0.004628075286746025,0.006014084443449974
715,99,900,b,27710,30070,0.005361327435821295,0.0070409649051725864,0.010986328125,0.0017007720889523625,0.0024590303655713797,0.0036984472535550594,0.003414846258237958,0.004592276178300381,0.006427050568163395
716,99,900,b,26902,29666,0.0057283444330096245,0.007451843470335007,0.003662109375,0.0017103563295677304,0.002458838978782296,0.0031672040931880474,0.003427875693887472,0.004564671311527491,0.005553031340241432
717,99,900,a,26848,13424,0.005626199301332235,0.007391234394162893,0.016357421875,0.0017143127042800188,0.002458393108099699,0.0036063622683286667,0.0034361567813903093,0.004637059755623341,0.0064458465203642845
718,99,900,b,28470,30450,0.005234993062913418,0.006772617343813181,0.008544921875,0.0017207899363711476,0.0024582333862781525,0.003528911853209138,0.003446318209171295,0.004571879748255014,0.006020448170602322
719,99,900,b,29094,30762,0.005484308581799269,0.007125433534383774,0.02392578125,0.0017063076375052333,0.0024581956677138805,0.004057988990098238,0.003424924798309803,0.004571602679789066,0.006861667614430189
720,99,900,b,27782,30106,0.005390824284404516,0.0070511517114937305,0.02001953125,0.0016964266542345285,0.0024580617900937796,0.003588439431041479,0.0034043544437736273,0.004567719995975494,0.006196662317961454
721,99,900,b,27086,29758,0.005229143425822258,0.006772179156541824,0.003662109375,0.0017027980647981167,0.0024578887969255447,0.003376134904101491,0.0034150753635913134,0.004565783776342869,0.006141007412225008
722,99,900,a,28480,14240,0.00569016532972455,0.007811777293682098,0.001953125,0.0017029524315148592,0.0024577495642006397,0.003500948194414377,0.0034202970564365387,0.004587696865200996,0.005990481935441494
723,99,900,b,29142,30786,0.005552951712161303,0.00728326803073287,0.01806640625,0.001693747821263969,0.002457724418491125,0.003386903088539839,0.0034069917164742947,0.0045533268712460995,0.006005639210343361
724,99,900,b,29246,30838,0.005607014521956444,0.007449571043252945,0.026123046875,0.001694654580205679,0.0024573628325015306,0.004251571837812662,0.0034071928821504116,0.004594872239977121,0.006841821596026421
725,99,900,b,28094,30262,0.005425446666777134,0.007268503773957491,0.01123046875,0.0017002858221530914,0.002457310212776065,0.0036461276467889547,0.0034156315959990025,0.00460352236405015,0.006224089302122593
726,99,900,b,28998,30714,0.005566519685089588,0.007291128393262625,0.0234375,0.001711360178887844,0.0024571397807449102,0.00331740896217525,0.0034306547604501247,0.00461165327578783,0.00581440469250083
727,99,900,b,29046,30738,0.005824477877467871,0.007826943881809711,0.02880859375,0.0016992415767163038,0.0024565260391682386,0.0033735916949808598,0.003413895145058632,0.004608322866261005,0.0061482316814363
728,99,900,b,28006,30218,0.0052528828382492065,0.006873762235045433,0.007568359375,0.0016859950264915824,0.0024559127632528543,0.003607460530474782,0.0033898719120770693,0.004579972941428423,0.0060734255239367485
729,99,900,b,27102,29766,0.005493482109159231,0.007273161318153143,0.00439453125,0.0017004626570269465,0.0024557895958423615,0.0037263459526002407,0.00341389374807477,0.004576966632157564,0.006433189380913973
730,99,900,b,28726,30578,0.005577980075031519,0.007355686277151108,0.009765625,0.0017170027131214738,0.0024552377872169018,0.003898095339536667,0.0034397735726088285,0.004591565113514662,0.006257516331970692
731,99,900,b,29254,30842,0.005575923249125481,0.007367196958512068,0.0224609375,0.0016883378848433495,0.0024552037939429283,0.0033833703491836786,0.003396120388060808,0.004551705438643694,0.005712401587516069
732,99,900,b,27558,29994,0.00523595092818141,0.006867206189781427,0.020751953125,0.0017060405807569623,0.002455011010169983,0.003675521817058325,0.0034296982921659946,0.004573238547891378,0.006089862436056137
733,99,900,b,28054,30242,0.005462768021970987,0.007220410741865635,0.0166015625,0.0017067781882360578,0.002454466186463833,0.003427802352234721,0.0034250097814947367,0.004640157334506512,0.005830870941281319
734,99,900,b,26430,29430,0.005550459958612919,0.007364359218627214,0.0166015625,0.00172183639369905,0.002453785389661789,0.0033462727442383766,0.0034438238944858313,0.004611651878803968,0.005802493542432785
735,99,900,b,28518,30474,0.005376901011914015,0.007002676371484995,0.0244140625,0.001705430680885911,0.0024536505807191133,0.0035373985301703215,0.003421567613258958,0.004546206910163164,0.0061649237759411335
736,99,900,b,27494,29962,0.0056048003025352955,0.007276824675500393,0.010986328125,0.001707357820123434,0.0024536338169127703,0.003666649106889963,0.0034230127930641174,0.004543586168438196,0.006376797799021006
737,99,900,b,28398,30414,0.005496668163686991,0.0072359926998615265,0.02294921875,0.0016960088396444917,0.0024533444084227085,0.004233055282384157,0.0034053795970976353,0.0045551094226539135,0.0071414499543607235
738,99,900,b,27622,30026,0.005511261522769928,0.007158858701586723,0.004638671875,0.0017040084348991513,0.0024532913230359554,0.003401715075597167,0.003419955028221011,0.004583030007779598,0.006483709439635277
739,99,900,b,29054,30742,0.0057289269752800465,0.007596886716783047,0.026611328125,0.0017051736358553171,0.0024530652444809675,0.004624117165803909,0.003421265399083495,0.004577538929879665,0.007831619121134281
740,99,900,b,29062,30746,0.005765997804701328,0.0076494840905070305,0.028076171875,0.0017084470018744469,0.0024529476650059223,0.003734649159014225,0.0034274528734385967,0.004560695495456457,0.00614129425957799
741,99,900,b,27686,30058,0.005571721587330103,0.007252234499901533,0.0263671875,0.0016988194547593594,0.0024525681510567665,0.0037401574663817883,0.003409923519939184,0.004554264713078737,0.006322895176708698
742,99,900,a,26528,13264,0.005773728713393211,0.007507996167987585,0.002685546875,0.0016909769037738442,0.0024523576721549034,0.0032407643739134073,0.0033977727871388197,0.004562728572636843,0.005667384248226881
743,99,900,a,26496,13248,0.005591214634478092,0.007417221087962389,0.007080078125,0.0016973873134702444,0.0024520859587937593,0.003619646653532982,0.0034106264356523752,0.004581347573548555,0.006343506742268801
744,99,900,b,27150,29790,0.005561236757785082,0.007316791918128729,0.016845703125,0.0017150987405329943,0.002451223786920309,0.0033513265661895275,0.0034343514125794172,0.004568040370941162,0.005976449232548475
745,99,900,a,28440,14220,0.005831920076161623,0.007601509802043438,0.000244140625,0.0017116379458457232,0.0024508186616003513,0.003388246987015009,0.0034304719883948565,0.004574762191623449,0.006147254258394241
746,99,900,a,26568,13284,0.0056515405885875225,0.007427987642586231,0.019287109375,0.001709282398223877,0.002450706670060754,0.0037418087013065815,0.003433633828535676,0.0046035051345825195,0.006251992657780647
747,99,900,b,28510,30470,0.005499425809830427,0.007118832785636187,0.0380859375,0.0017084768041968346,0.0024506174959242344,0.0033603848423808813,0.0034269702155143023,0.004595358856022358,0.005884278099983931
748,99,900,b,26910,29670,0.005478179547935724,0.0073722973465919495,0.013916015625,0.001711966353468597,0.002449831459671259,0.0034769787453114986,0.003432742552831769,0.004568004515022039,0.006197724025696516
749,99,900,a,26408,13204,0.005742662586271763,0.007455234881490469,0.008544921875,0.0017133543733507395,0.0024486950132995844,0.004126697313040495,0.0034359879791736603,0.004545310977846384,0.006855429615825415
750,99,900,a,26872,13436,0.005507433321326971,0.007280874531716108,0.0224609375,0.0017081407131627202,0.0024485832545906305,0.0034951092675328255,0.0034249373711645603,0.0045721763744950294,0.0059353057295084
751,99,900,a,26688,13344,0.005472855642437935,0.0072463685646653175,0.003662109375,0.0017204557079821825,0.002448266139253974,0.003663334995508194,0.0034508868120610714,0.004575865343213081,0.006216676440089941
752,99,900,a,27640,13820,0.00599312549456954,0.007820711471140385,0.002685546875,0.0017096437513828278,0.002448054263368249,0.003423442365601659,0.0034269923344254494,0.004566892050206661,0.0060142832808196545
753,99,900,a,26784,13392,0.005482395179569721,0.007142740301787853,0.00439453125,0.001725526642985642,0.002448042156174779,0.003546172520145774,0.0034509103279560804,0.00455045560374856,0.006197288166731596
754,99,900,a,29096,14548,0.0055942656472325325,0.007368218153715134,0.0146484375,0.0017136902315542102,0.002447811421006918,0.00331670930609107,0.0034301970154047012,0.004564824979752302,0.005538270343095064
755,99,900,b,26502,29466,0.0058227223344147205,0.007641057018190622,0.015380859375,0.001698978478088975,0.0024476880207657814,0.003465048037469387,0.003410738194361329,0.0045619080774486065,0.00623752735555172
756,99,900,b,26926,29678,0.005637056659907103,0.007332989014685154,0.021728515625,0.0017130699707195163,0.002447289414703846,0.004578261636197567,0.003433473873883486,0.004556197673082352,0.007815460674464703
757,99,900,a,26392,13196,0.005665579345077276,0.007534200791269541,0.010986328125,0.0017191644292324781,0.002446922240778804,0.004031527321785688,0.0034435265697538853,0.004589625634253025,0.006611508317291737
758,99,900,b,26982,29706,0.005335042253136635,0.0070464275777339935,0.031005859375,0.001713778474368155,0.0024468381889164448,0.0041746776551008224,0.0034375321120023727,0.004607697948813438,0.006812302861362696
759,99,900,b,27270,29850,0.005437721032649279,0.007219171617180109,0.0283203125,0.0016814999980852008,0.0024465552996844053,0.0033285256940871477,0.0033837317023426294,0.00453815096989274,0.005977478809654713
760,99,900,b,27374,29902,0.005620460957288742,0.007342261262238026,0.019287109375,0.0016932375729084015,0.002445791382342577,0.0034761400893330574,0.0033989185467362404,0.0045673297718167305,0.005988494027405977
761,99,900,b,26438,29434,0.005588997155427933,0.007320505101233721,0.0107421875,0.0017055763164535165,0.002444582525640726,0.00374995986931026,0.003420676104724407,0.004575524013489485,0.00635614013299346
762,99,900,a,26720,13360,0.00558705348521471,0.007343426812440157,0.011474609375,0.0017027115682139993,0.002444441895931959,0.0036036574747413397,0.0034207298886030912,0.00453459657728672,0.005879932548850775
763,99,900,b,28318,30374,0.005537246819585562,0.0072707016952335835,0.01611328125,0.0016919596819207072,0.0024438726250082254,0.0032280280720442533,0.003400802379474044,0.004577723331749439,0.005737751256674528
764,99,900,a,28472,14236,0.005654360167682171,0.00731419725343585,0.012939453125,0.0017043385887518525,0.0024435122031718493,0.003397773951292038,0.0034221471287310123,0.004567544441670179,0.005627967417240143
765,99,900,a,26280,13140,0.0056975167244672775,0.007454121485352516,0.00244140625,0.0017006336711347103,0.0024429140612483025,0.003397584892809391,0.0034134199377149343,0.004541567526757717,0.005734792910516262
766,99,900,b,27246,29838,0.005479427985846996,0.007389557082206011,0.02685546875,0.0016934568993747234,0.002442894736304879,0.0035619158297777176,0.003400915302336216,0.004514386411756277,0.0061282510869205
767,99,900,a,26616,13308,0.005473836325109005,0.007275366224348545,0.000244140625,0.0017164727905765176,0.0024424176663160324,0.003636044217273593,0.0034445535857230425,0.004598838742822409,0.0063462150283157825
768,99,900,b,27510,29970,0.0052416338585317135,0.007038766983896494,0.02294921875,0.0017027222784236073,0.0024417114909738302,0.0033998640719801188,0.0034183983225375414,0.004551374353468418,0.0059728859923779964
769,99,900,b,29086,30758,0.005446372088044882,0.007263299077749252,0.021240234375,0.0016953793819993734,0.0024408474564552307,0.0038339393213391304,0.0034088969696313143,0.004567299969494343,0.006391223054379225
770,99,900,b,27278,29854,0.005207367707043886,0.006875302642583847,0.028076171875,0.0016933458391577005,0.0024407613091170788,0.004089765250682831,0.0033983641769737005,0.00452826451510191,0.006579514127224684
771,99,900,b,28390,30410,0.005392048973590136,0.007053968030959368,0.018310546875,0.001694088219664991,0.0024407505989074707,0.0032217437401413918,0.0034038187004625797,0.004553267266601324,0.005611318629235029
772,99,900,b,27750,30090,0.005467036738991737,0.007241829298436642,0.00341796875,0.001691589248366654,0.0024405587464571,0.0038937062490731478,0.003396175103262067,0.0045441086404025555,0.006411152426153421
773,99,900,b,27758,30094,0.0052218665368855,0.006913337390869856,0.01220703125,0.0016825908096507192,0.002440311014652252,0.003758419305086136,0.003384360345080495,0.004560799337923527,0.006354555021971464
774,99,900,b,28366,30398,0.00525868684053421,0.00678662583231926,0.008056640625,0.0016915351152420044,0.0024398688692599535,0.004020271822810173,0.0034030212555080652,0.0045319246128201485,0.0065213642083108425
775,99,900,b,27734,30082,0.005534602329134941,0.007214486598968506,0.011474609375,0.0016997758066281676,0.002439318224787712,0.004141885321587324,0.003410028526559472,0.004576252307742834,0.0064681898802518845
776,99,900,a,26512,13256,0.005504899192601442,0.007270913105458021,0.0029296875,0.0017047091387212276,0.0024391913320869207,0.003449303563684225,0.003418975742533803,0.004550452809780836,0.006026103161275387
777,99,900,b,27486,29958,0.005412983242422342,0.007053972687572241,0.0048828125,0.0017068595625460148,0.0024390865582972765,0.0033869752660393715,0.0034249320160597563,0.004560509696602821,0.005822818726301193
778,99,900,a,26376,13188,0.005560161080211401,0.007401151582598686,0.008056640625,0.0017223054310306907,0.002438112162053585,0.0035746749490499496,0.0034500218462198973,0.004556072410196066,0.006181089673191309
779,99,900,a,26504,13252,0.00561587093397975,0.007349122315645218,0.00927734375,0.0016923462972044945,0.002437792718410492,0.0032320551108568907,0.003400120185688138,0.00457644322887063,0.005808469373732805
780,99,900,b,27550,29990,0.005525168497115374,0.007239208556711674,0.023193359375,0.001698208274319768,0.0024376569781452417,0.0035149191971868277,0.003415025770664215,0.004535179119557142,0.005931321997195482
781,99,900,a,26416,13208,0.005705754738301039,0.007315278518944979,0.005615234375,0.001717922743409872,0.0024372797925025225,0.0037342410068958998,0.003442487446591258,0.004565475974231958,0.006137099117040634
782,99,900,a,26664,13332,0.005709105171263218,0.007410902064293623,0.02294921875,0.0017130381893366575,0.002436609473079443,0.0032615233212709427,0.003442139597609639,0.004566862713545561,0.005830727983266115
783,99,900,b,28358,30394,0.005324583500623703,0.006970944814383984,0.0107421875,0.0016916356980800629,0.002435161964967847,0.003624795703217387,0.0033988668583333492,0.004549156874418259,0.005929519422352314
784,99,900,b,27934,30182,0.005423890892416239,0.00720029603689909,0.015625,0.0016879986505955458,0.002435120986774564,0.003422478446736932,0.0033943182788789272,0.00455929059535265,0.005869450978934765
785,99,900,a,26536,13268,0.005505600944161415,0.00723683787509799,0.01025390625,0.0017028959700837731,0.0024345803540199995,0.0035309314262121916,0.0034187803976237774,0.004525018855929375,0.005933379288762808
786,99,900,b,27774,30102,0.005513647571206093,0.007521273568272591,0.01123046875,0.0016940789064392447,0.0024335794150829315,0.003597225761041045,0.0034002657048404217,0.004554765298962593,0.006294754333794117
787,99,900,b,27566,29998,0.005400915630161762,0.007152622565627098,0.02294921875,0.0016963598318397999,0.002433542627841234,0.003947952296584845,0.0034089982509613037,0.004556945059448481,0.006723971106112003
788,99,900,b,27118,29774,0.005574041046202183,0.007382560521364212,0.010498046875,0.00171141407918185,0.002433507004752755,0.003322470234706998,0.003429377917200327,0.004563156049698591,0.005653629545122385
789,99,900,a,26608,13304,0.005595564842224121,0.007407550234347582,0.006103515625,0.0017063628183677793,0.0024326294660568237,0.0037730655167251825,0.003429459175094962,0.004568855743855238,0.006576826795935631
790,99,900,a,26344,13172,0.005456955172121525,0.0072235786356031895,0.007080078125,0.0017176810652017593,0.0024324238765984774,0.003909452352672815,0.0034441703464835882,0.004578881431370974,0.006441960576921701
791,99,900,b,27174,29802,0.005294130649417639,0.006979548837989569,0.000732421875,0.0017023799009621143,0.002432045293971896,0.003587911371141672,0.0034134725574404,0.0045005097053945065,0.006137604359537363
792,99,900,a,26560,13280,0.00553307356312871,0.0072812968865036964,0.015869140625,0.0016911872662603855,0.0024313160683959723,0.0034816425759345293,0.0034035511780530214,0.004545014817267656,0.006054116412997246
793,99,900,b,27630,30030,0.00545384781435132,0.007096562534570694,0.001220703125,0.0016978640342131257,0.002429870655760169,0.0034140427596867085,0.003413829719647765,0.004543215502053499,0.006385905668139458
794,99,900,b,27502,29966,0.005360845942050219,0.0070952316746115685,0.0166015625,0.0017037999350577593,0.0024293172173202038,0.0037652140017598867,0.003421441186219454,0.004526354838162661,0.006307230331003666
795,99,900,b,27646,30038,0.0053826929070055485,0.007097635418176651,0.00048828125,0.0016931219724938273,0.002428938401862979,0.0038644634187221527,0.0034026862122118473,0.004534649197012186,0.006288040429353714
796,99,900,b,28486,30458,0.0052632601000368595,0.006947845220565796,0.026123046875,0.0017192111117765307,0.002428741194307804,0.0037967530079185963,0.0034474353305995464,0.004550820216536522,0.006601868662983179
797,99,900,b,29030,30730,0.005432590842247009,0.007201319094747305,0.008056640625,0.0017040884122252464,0.0024279961362481117,0.003651243867352605,0.0034223038237541914,0.00455512898042798,0.006260445341467857
798,99,900,a,26448,13224,0.005322429351508617,0.007008292246609926,0.00927734375,0.0016968034906312823,0.00242611113935709,0.003752739168703556,0.0034137426409870386,0.004532016348093748,0.006180852185934782
799,99,900,b,27526,29978,0.005442158319056034,0.007352652493864298,0.019287109375,0.0017015131888911128,0.0024244997184723616,0.0037331823259592056,0.003415227634832263,0.0045457873493433,0.006177399307489395
800,99,900,b,29118,30774,0.0055939992889761925,0.007422736845910549,0.0283203125,0.0016998113133013248,0.002423355123028159,0.003298216499388218,0.0034161473158746958,0.0045529515482485294,0.0057970681227743626
801,99,900,b,28350,30390,0.005536383017897606,0.007192976772785187,0.015625,0.0016884367214515805,0.0024214403238147497,0.0037404599133878946,0.003397357650101185,0.0045213294215500355,0.006245776545256376
802,99,900,b,28422,30426,0.005365917459130287,0.006949509959667921,0.03173828125,0.0016932295402511954,0.0024197043385356665,0.003831078764051199,0.003402853850275278,0.004540360998362303,0.006342246662825346
803,99,900,b,27350,29890,0.0054514482617378235,0.007211664691567421,0.009521484375,0.0016959065105766058,0.0024193068966269493,0.003702952293679118,0.0034078520257025957,0.0045378077775239944,0.006249802652746439
804,99,900,b,27470,29950,0.005610289517790079,0.007208725903183222,0.00537109375,0.001694754115305841,0.0024189234245568514,0.0038713659159839153,0.0034050322137773037,0.004497138317674398,0.006422581151127815
805,99,900,b,27366,29898,0.005783278029412031,0.007656752597540617,0.015869140625,0.0016919308109208941,0.002416781149804592,0.0036721753422170877,0.0033984039910137653,0.004532580263912678,0.006336518097668886
806,99,900,a,26384,13192,0.005879312288016081,0.007788210641592741,0.010986328125,0.001711726188659668,0.002414654241874814,0.003495680633932352,0.0034311481285840273,0.004553140606731176,0.006189830135554075
807,99,900,b,27238,29834,0.005236945580691099,0.006879507098346949,0.017333984375,0.0016931737773120403,0.002414078451693058,0.0034990524873137474,0.0034003874752670527,0.004536367952823639,0.005928442347794771
808,99,900,b,28478,30454,0.005334413610398769,0.006979776080697775,0.023193359375,0.0017052094917744398,0.0024127010256052017,0.0036898688413202763,0.0034237594809383154,0.00450596259906888,0.006329874042421579
809,99,900,b,26974,29702,0.005463284905999899,0.007137852720916271,0.025634765625,0.0017028324073180556,0.0024126695934683084,0.004027517978101969,0.0034186244010925293,0.004571615718305111,0.00656023109331727
810,99,900,b,27694,30062,0.005334035027772188,0.007024822290986776,0.016357421875,0.0016685512382537127,0.002407384105026722,0.0038414113223552704,0.0033621471375226974,0.004482465796172619,0.006503216922283173
811,99,900,b,27670,30050,0.005382618401199579,0.007172128651291132,0.021484375,0.0016825440106913447,0.0023951800540089607,0.003651945386081934,0.003388352692127228,0.004491444677114487,0.0062055690214037895
812,99,900,b,28414,30422,0.005320820491760969,0.006975523196160793,0.02685546875,0.0016896575689315796,0.00239269039593637,0.003659017849713564,0.0033956095576286316,0.0044534350745379925,0.006421094294637442
